2025-04-13 20:43:21,204 - main - INFO - Uruchamianie aplikacji ScreenOCR & Translator
2025-04-13 20:43:21,295 - settings - INFO - Tworzenie domyœlnych ustawieñ
2025-04-13 20:43:21,297 - settings - INFO - Zapisano ustawienia do pliku
2025-04-13 20:43:21,321 - tray_icon - INFO - Ikona zasobnika systemowego zainicjowana
2025-04-13 20:43:21,326 - main - INFO - Aplikacja uruchomiona pomyœlnie
2025-04-13 20:43:38,378 - tray_icon - INFO - Wyœwietlanie okna ustawieñ
2025-04-13 20:43:45,512 - tray_icon - INFO - Wywo³ano akcjê przechwytywania ekranu
2025-04-13 20:43:54,335 - tray_icon - INFO - Wywo³ano akcjê przechwytywania ekranu
2025-04-13 20:44:12,645 - main - INFO - Uruchamianie aplikacji ScreenOCR & Translator
2025-04-13 20:44:12,700 - settings - INFO - Wczytano ustawienia z pliku
2025-04-13 20:44:12,715 - tray_icon - INFO - Ikona zasobnika systemowego zainicjowana
2025-04-13 20:44:12,716 - main - INFO - Aplikacja uruchomiona pomyœlnie
2025-04-13 20:44:15,671 - tray_icon - INFO - Wyœwietlanie okna ustawieñ
2025-04-13 20:44:20,335 - tray_icon - INFO - Wywo³ano akcjê przechwytywania ekranu
2025-04-13 20:47:21,950 - main - INFO - Uruchamianie aplikacji ScreenOCR & Translator
2025-04-13 20:47:21,992 - settings - INFO - Wczytano ustawienia z pliku
2025-04-13 20:49:41,743 - main - INFO - Uruchamianie aplikacji ScreenOCR & Translator
2025-04-13 20:49:41,784 - settings - INFO - Wczytano ustawienia z pliku
2025-04-13 20:49:41,831 - popup - INFO - Popup t³umaczenia zainicjowany
2025-04-13 20:49:41,831 - screenshot - INFO - Narzêdzie zrzutu ekranu zainicjowane
2025-04-13 20:49:41,831 - tray_icon - INFO - Ikona zasobnika systemowego zainicjowana
2025-04-13 20:49:41,832 - main - INFO - Aplikacja uruchomiona pomyœlnie
2025-04-13 20:49:58,760 - tray_icon - INFO - Wywo³ano akcjê przechwytywania ekranu
2025-04-13 20:49:58,760 - screenshot - INFO - Uruchamianie procesu przechwytywania ekranu
2025-04-13 20:49:58,762 - screenshot - INFO - Rozpoczêcie przechwytywania ekranu
2025-04-13 20:50:18,412 - main - INFO - Uruchamianie aplikacji ScreenOCR & Translator
2025-04-13 20:50:18,451 - settings - INFO - Wczytano ustawienia z pliku
2025-04-13 20:50:18,491 - popup - INFO - Popup t³umaczenia zainicjowany
2025-04-13 20:50:18,491 - screenshot - INFO - Narzêdzie zrzutu ekranu zainicjowane
2025-04-13 20:50:18,492 - tray_icon - INFO - Ikona zasobnika systemowego zainicjowana
2025-04-13 20:50:18,493 - main - INFO - Aplikacja uruchomiona pomyœlnie
2025-04-13 20:50:26,136 - tray_icon - INFO - Wywo³ano akcjê przechwytywania ekranu
2025-04-13 20:50:26,136 - screenshot - INFO - Uruchamianie procesu przechwytywania ekranu
2025-04-13 20:50:26,137 - screenshot - INFO - Rozpoczêcie przechwytywania ekranu
2025-04-13 20:50:42,697 - main - INFO - Uruchamianie aplikacji ScreenOCR & Translator
2025-04-13 20:50:42,738 - settings - INFO - Wczytano ustawienia z pliku
2025-04-13 20:50:42,779 - popup - INFO - Popup t³umaczenia zainicjowany
2025-04-13 20:50:42,780 - screenshot - INFO - Narzêdzie zrzutu ekranu zainicjowane
2025-04-13 20:50:42,780 - tray_icon - INFO - Ikona zasobnika systemowego zainicjowana
2025-04-13 20:50:42,781 - main - INFO - Aplikacja uruchomiona pomyœlnie
2025-04-13 20:50:51,320 - tray_icon - INFO - Wywo³ano akcjê przechwytywania ekranu
2025-04-13 20:50:51,320 - screenshot - INFO - Uruchamianie procesu przechwytywania ekranu
2025-04-13 20:50:51,321 - screenshot - INFO - Rozpoczêcie przechwytywania ekranu
2025-04-13 21:00:34,893 - main - INFO - Uruchamianie aplikacji ScreenOCR & Translator
2025-04-13 21:00:34,934 - settings - INFO - Wczytano ustawienia z pliku
2025-04-13 21:00:34,974 - popup - INFO - Popup t³umaczenia zainicjowany
2025-04-13 21:00:34,974 - screenshot - INFO - Narzêdzie zrzutu ekranu zainicjowane
2025-04-13 21:00:34,974 - tray_icon - INFO - Ikona zasobnika systemowego zainicjowana
2025-04-13 21:00:34,976 - main - INFO - Aplikacja uruchomiona pomyœlnie
2025-04-13 21:00:41,912 - tray_icon - INFO - Wywo³ano akcjê przechwytywania ekranu
2025-04-13 21:00:41,912 - screenshot - INFO - Uruchamianie procesu przechwytywania ekranu
2025-04-13 21:00:41,913 - screenshot - INFO - Rozpoczêcie przechwytywania ekranu
2025-04-13 21:01:49,355 - main - INFO - Uruchamianie aplikacji ScreenOCR & Translator
2025-04-13 21:01:49,396 - settings - INFO - Wczytano ustawienia z pliku
2025-04-13 21:01:49,449 - popup - INFO - Popup t³umaczenia zainicjowany
2025-04-13 21:01:49,449 - screenshot - INFO - Narzêdzie zrzutu ekranu zainicjowane
2025-04-13 21:01:49,449 - tray_icon - INFO - Ikona zasobnika systemowego zainicjowana
2025-04-13 21:01:49,451 - main - INFO - Aplikacja uruchomiona pomyœlnie
2025-04-13 21:03:37,921 - tray_icon - INFO - Wywo³ano akcjê przechwytywania ekranu
2025-04-13 21:03:37,921 - screenshot - INFO - Uruchamianie procesu przechwytywania ekranu
2025-04-13 21:03:37,922 - screenshot - INFO - Rozpoczêcie przechwytywania ekranu
2025-04-13 21:03:42,479 - screenshot - INFO - Zrzut ekranu zapisany w: C:\Users\fijal\AppData\Local\Temp\screenshot_20250413_210342.png
2025-04-13 21:03:42,479 - screenshot - INFO - Rozpoczêcie przetwarzania zrzutu ekranu: C:\Users\fijal\AppData\Local\Temp\screenshot_20250413_210342.png
2025-04-13 21:03:42,490 - screenshot - INFO - Przechwytywanie ekranu anulowane
2025-04-13 21:03:42,490 - screenshot - INFO - Rozpoczêcie przetwarzania zrzutu ekranu: C:\Users\fijal\AppData\Local\Temp\screenshot_20250413_210342.png
2025-04-13 21:03:42,492 - settings - INFO - Zapisano ustawienia do pliku
2025-04-13 21:03:42,492 - ocr_engine - INFO - Znaleziono Tesseract w folderze projektu: C:\Users\fijal\Desktop\ScreenOCR & Translator\external\Tesseract-OCR\tesseract.exe
2025-04-13 21:03:42,492 - ocr_engine - INFO - Ustawiono Tesseract OCR: C:\Users\fijal\Desktop\ScreenOCR & Translator\external\Tesseract-OCR\tesseract.exe
2025-04-13 21:03:42,493 - settings - INFO - Zapisano ustawienia do pliku
2025-04-13 21:03:42,493 - ocr_engine - INFO - Znaleziono tessdata w folderze projektu: C:\Users\fijal\Desktop\ScreenOCR & Translator\external\Tesseract-OCR\tessdata
2025-04-13 21:03:42,493 - ocr_engine - INFO - Ustawiono TESSDATA_PREFIX: C:\Users\fijal\Desktop\ScreenOCR & Translator\external\Tesseract-OCR\tessdata
2025-04-13 21:03:42,493 - ocr_engine - INFO - Silnik OCR zainicjowany
2025-04-13 21:03:42,493 - translator - INFO - Translator zainicjowany
2025-04-13 21:03:42,493 - ocr_engine - INFO - Przetwarzanie obrazu: C:\Users\fijal\AppData\Local\Temp\screenshot_20250413_210342.png
2025-04-13 21:03:44,135 - ocr_engine - INFO - Rozpoznawanie tekstu zakoñczone
2025-04-13 21:03:44,135 - translator - INFO - T³umaczenie tekstu silnikiem google z en na pl
2025-04-13 21:03:45,372 - screenshot - INFO - Przetwarzanie zrzutu ekranu zakoñczone pomyœlnie
2025-04-13 21:03:45,372 - screenshot - INFO - Wyœwietlanie popup z t³umaczeniem
2025-04-13 21:03:45,426 - popup - INFO - Wyœwietlono popup z t³umaczeniem
2025-04-13 21:03:50,440 - popup - INFO - Zamkniêto popup z t³umaczeniem
2025-04-13 21:04:34,729 - tray_icon - INFO - Wywo³ano akcjê przechwytywania ekranu
2025-04-13 21:04:34,729 - screenshot - INFO - Uruchamianie procesu przechwytywania ekranu
2025-04-13 21:04:34,729 - screenshot - INFO - Rozpoczêcie przechwytywania ekranu
2025-04-13 21:04:41,043 - screenshot - INFO - Zrzut ekranu zapisany w: C:\Users\fijal\AppData\Local\Temp\screenshot_20250413_210441.png
2025-04-13 21:04:41,043 - screenshot - INFO - Rozpoczêcie przetwarzania zrzutu ekranu: C:\Users\fijal\AppData\Local\Temp\screenshot_20250413_210441.png
2025-04-13 21:04:41,052 - screenshot - INFO - Przechwytywanie ekranu anulowane
2025-04-13 21:04:41,052 - screenshot - INFO - Rozpoczêcie przetwarzania zrzutu ekranu: C:\Users\fijal\AppData\Local\Temp\screenshot_20250413_210441.png
2025-04-13 21:04:41,052 - ocr_engine - INFO - Ustawiono Tesseract OCR: C:\Users\fijal\Desktop\ScreenOCR & Translator\external\Tesseract-OCR\tesseract.exe
2025-04-13 21:04:41,052 - ocr_engine - INFO - Ustawiono TESSDATA_PREFIX: C:\Users\fijal\Desktop\ScreenOCR & Translator\external\Tesseract-OCR\tessdata
2025-04-13 21:04:41,052 - ocr_engine - INFO - Silnik OCR zainicjowany
2025-04-13 21:04:41,053 - translator - INFO - Translator zainicjowany
2025-04-13 21:04:41,053 - ocr_engine - INFO - Przetwarzanie obrazu: C:\Users\fijal\AppData\Local\Temp\screenshot_20250413_210441.png
2025-04-13 21:04:41,470 - ocr_engine - INFO - Rozpoznawanie tekstu zakoñczone
2025-04-13 21:04:41,470 - translator - INFO - T³umaczenie tekstu silnikiem google z en na pl
2025-04-13 21:04:42,324 - screenshot - INFO - Przetwarzanie zrzutu ekranu zakoñczone pomyœlnie
2025-04-13 21:04:42,324 - screenshot - INFO - Wyœwietlanie popup z t³umaczeniem
2025-04-13 21:04:42,334 - popup - INFO - Wyœwietlono popup z t³umaczeniem
2025-04-13 21:04:47,348 - popup - INFO - Zamkniêto popup z t³umaczeniem
2025-04-13 21:04:53,450 - tray_icon - INFO - Wywo³ano akcjê przechwytywania ekranu
2025-04-13 21:04:53,450 - screenshot - INFO - Uruchamianie procesu przechwytywania ekranu
2025-04-13 21:04:53,450 - screenshot - INFO - Rozpoczêcie przechwytywania ekranu
2025-04-13 21:04:58,026 - screenshot - INFO - Zrzut ekranu zapisany w: C:\Users\fijal\AppData\Local\Temp\screenshot_20250413_210458.png
2025-04-13 21:04:58,026 - screenshot - INFO - Rozpoczêcie przetwarzania zrzutu ekranu: C:\Users\fijal\AppData\Local\Temp\screenshot_20250413_210458.png
2025-04-13 21:04:58,034 - screenshot - INFO - Przechwytywanie ekranu anulowane
2025-04-13 21:04:58,034 - screenshot - INFO - Rozpoczêcie przetwarzania zrzutu ekranu: C:\Users\fijal\AppData\Local\Temp\screenshot_20250413_210458.png
2025-04-13 21:04:58,034 - ocr_engine - INFO - Ustawiono Tesseract OCR: C:\Users\fijal\Desktop\ScreenOCR & Translator\external\Tesseract-OCR\tesseract.exe
2025-04-13 21:04:58,034 - ocr_engine - INFO - Ustawiono TESSDATA_PREFIX: C:\Users\fijal\Desktop\ScreenOCR & Translator\external\Tesseract-OCR\tessdata
2025-04-13 21:04:58,034 - ocr_engine - INFO - Silnik OCR zainicjowany
2025-04-13 21:04:58,034 - translator - INFO - Translator zainicjowany
2025-04-13 21:04:58,034 - ocr_engine - INFO - Przetwarzanie obrazu: C:\Users\fijal\AppData\Local\Temp\screenshot_20250413_210458.png
2025-04-13 21:04:58,222 - ocr_engine - INFO - Rozpoznawanie tekstu zakoñczone
2025-04-13 21:04:58,222 - screenshot - WARNING - Nie rozpoznano tekstu na obrazie
2025-04-13 21:04:58,222 - screenshot - INFO - Wyœwietlanie popup z t³umaczeniem
2025-04-13 21:04:58,232 - popup - INFO - Wyœwietlono popup z t³umaczeniem
2025-04-13 21:05:01,687 - popup - INFO - Zamkniêto popup z t³umaczeniem
2025-04-13 21:05:07,864 - tray_icon - INFO - Wywo³ano akcjê przechwytywania ekranu
2025-04-13 21:05:07,864 - screenshot - INFO - Uruchamianie procesu przechwytywania ekranu
2025-04-13 21:05:07,864 - screenshot - INFO - Rozpoczêcie przechwytywania ekranu
2025-04-13 21:05:11,950 - screenshot - INFO - Zrzut ekranu zapisany w: C:\Users\fijal\AppData\Local\Temp\screenshot_20250413_210511.png
2025-04-13 21:05:11,950 - screenshot - INFO - Rozpoczêcie przetwarzania zrzutu ekranu: C:\Users\fijal\AppData\Local\Temp\screenshot_20250413_210511.png
2025-04-13 21:05:11,959 - screenshot - INFO - Przechwytywanie ekranu anulowane
2025-04-13 21:05:11,959 - screenshot - INFO - Rozpoczêcie przetwarzania zrzutu ekranu: C:\Users\fijal\AppData\Local\Temp\screenshot_20250413_210511.png
2025-04-13 21:05:11,960 - ocr_engine - INFO - Ustawiono Tesseract OCR: C:\Users\fijal\Desktop\ScreenOCR & Translator\external\Tesseract-OCR\tesseract.exe
2025-04-13 21:05:11,960 - ocr_engine - INFO - Ustawiono TESSDATA_PREFIX: C:\Users\fijal\Desktop\ScreenOCR & Translator\external\Tesseract-OCR\tessdata
2025-04-13 21:05:11,960 - ocr_engine - INFO - Silnik OCR zainicjowany
2025-04-13 21:05:11,960 - translator - INFO - Translator zainicjowany
2025-04-13 21:05:11,960 - ocr_engine - INFO - Przetwarzanie obrazu: C:\Users\fijal\AppData\Local\Temp\screenshot_20250413_210511.png
2025-04-13 21:05:12,212 - ocr_engine - INFO - Rozpoznawanie tekstu zakoñczone
2025-04-13 21:05:12,212 - translator - INFO - T³umaczenie tekstu silnikiem google z en na pl
2025-04-13 21:05:12,306 - screenshot - INFO - Przetwarzanie zrzutu ekranu zakoñczone pomyœlnie
2025-04-13 21:05:12,306 - screenshot - INFO - Wyœwietlanie popup z t³umaczeniem
2025-04-13 21:05:12,317 - popup - INFO - Wyœwietlono popup z t³umaczeniem
2025-04-13 21:05:17,320 - popup - INFO - Zamkniêto popup z t³umaczeniem
2025-04-13 21:05:37,248 - tray_icon - INFO - Wywo³ano akcjê przechwytywania ekranu
2025-04-13 21:05:37,248 - screenshot - INFO - Uruchamianie procesu przechwytywania ekranu
2025-04-13 21:05:37,248 - screenshot - INFO - Rozpoczêcie przechwytywania ekranu
2025-04-13 21:05:44,124 - screenshot - INFO - Zrzut ekranu zapisany w: C:\Users\fijal\AppData\Local\Temp\screenshot_20250413_210544.png
2025-04-13 21:05:44,124 - screenshot - INFO - Rozpoczêcie przetwarzania zrzutu ekranu: C:\Users\fijal\AppData\Local\Temp\screenshot_20250413_210544.png
2025-04-13 21:05:44,133 - screenshot - INFO - Przechwytywanie ekranu anulowane
2025-04-13 21:05:44,133 - screenshot - INFO - Rozpoczêcie przetwarzania zrzutu ekranu: C:\Users\fijal\AppData\Local\Temp\screenshot_20250413_210544.png
2025-04-13 21:05:44,134 - ocr_engine - INFO - Ustawiono Tesseract OCR: C:\Users\fijal\Desktop\ScreenOCR & Translator\external\Tesseract-OCR\tesseract.exe
2025-04-13 21:05:44,134 - ocr_engine - INFO - Ustawiono TESSDATA_PREFIX: C:\Users\fijal\Desktop\ScreenOCR & Translator\external\Tesseract-OCR\tessdata
2025-04-13 21:05:44,134 - ocr_engine - INFO - Silnik OCR zainicjowany
2025-04-13 21:05:44,134 - translator - INFO - Translator zainicjowany
2025-04-13 21:05:44,134 - ocr_engine - INFO - Przetwarzanie obrazu: C:\Users\fijal\AppData\Local\Temp\screenshot_20250413_210544.png
2025-04-13 21:05:44,483 - ocr_engine - INFO - Rozpoznawanie tekstu zakoñczone
2025-04-13 21:05:44,483 - translator - INFO - T³umaczenie tekstu silnikiem google z en na pl
2025-04-13 21:05:45,009 - screenshot - INFO - Przetwarzanie zrzutu ekranu zakoñczone pomyœlnie
2025-04-13 21:05:45,010 - screenshot - INFO - Wyœwietlanie popup z t³umaczeniem
2025-04-13 21:05:45,021 - popup - INFO - Wyœwietlono popup z t³umaczeniem
2025-04-13 21:05:50,024 - popup - INFO - Zamkniêto popup z t³umaczeniem
2025-04-13 21:06:02,537 - tray_icon - INFO - Wywo³ano akcjê przechwytywania ekranu
2025-04-13 21:06:02,537 - screenshot - INFO - Uruchamianie procesu przechwytywania ekranu
2025-04-13 21:06:02,537 - screenshot - INFO - Rozpoczêcie przechwytywania ekranu
2025-04-13 21:06:07,859 - screenshot - INFO - Zrzut ekranu zapisany w: C:\Users\fijal\AppData\Local\Temp\screenshot_20250413_210607.png
2025-04-13 21:06:07,859 - screenshot - INFO - Rozpoczêcie przetwarzania zrzutu ekranu: C:\Users\fijal\AppData\Local\Temp\screenshot_20250413_210607.png
2025-04-13 21:06:07,867 - screenshot - INFO - Przechwytywanie ekranu anulowane
2025-04-13 21:06:07,868 - screenshot - INFO - Rozpoczêcie przetwarzania zrzutu ekranu: C:\Users\fijal\AppData\Local\Temp\screenshot_20250413_210607.png
2025-04-13 21:06:07,868 - ocr_engine - INFO - Ustawiono Tesseract OCR: C:\Users\fijal\Desktop\ScreenOCR & Translator\external\Tesseract-OCR\tesseract.exe
2025-04-13 21:06:07,868 - ocr_engine - INFO - Ustawiono TESSDATA_PREFIX: C:\Users\fijal\Desktop\ScreenOCR & Translator\external\Tesseract-OCR\tessdata
2025-04-13 21:06:07,868 - ocr_engine - INFO - Silnik OCR zainicjowany
2025-04-13 21:06:07,868 - translator - INFO - Translator zainicjowany
2025-04-13 21:06:07,868 - ocr_engine - INFO - Przetwarzanie obrazu: C:\Users\fijal\AppData\Local\Temp\screenshot_20250413_210607.png
2025-04-13 21:06:08,089 - ocr_engine - INFO - Rozpoznawanie tekstu zakoñczone
2025-04-13 21:06:08,089 - translator - INFO - T³umaczenie tekstu silnikiem google z en na pl
2025-04-13 21:06:08,193 - screenshot - INFO - Przetwarzanie zrzutu ekranu zakoñczone pomyœlnie
2025-04-13 21:06:08,194 - screenshot - INFO - Wyœwietlanie popup z t³umaczeniem
2025-04-13 21:06:08,204 - popup - INFO - Wyœwietlono popup z t³umaczeniem
2025-04-13 21:06:13,211 - popup - INFO - Zamkniêto popup z t³umaczeniem
2025-04-13 21:06:47,391 - main - INFO - Uruchamianie aplikacji ScreenOCR & Translator
2025-04-13 21:06:47,446 - settings - INFO - Wczytano ustawienia z pliku
2025-04-13 21:06:47,487 - popup - INFO - Popup t³umaczenia zainicjowany
2025-04-13 21:06:47,488 - screenshot - INFO - Narzêdzie zrzutu ekranu zainicjowane
2025-04-13 21:06:47,488 - tray_icon - INFO - Ikona zasobnika systemowego zainicjowana
2025-04-13 21:06:47,489 - main - INFO - Aplikacja uruchomiona pomyœlnie
2025-04-14 19:08:08,786 - main - INFO - Uruchamianie aplikacji ScreenOCR & Translator
2025-04-14 19:08:08,845 - settings - INFO - Wczytano ustawienia z pliku
2025-04-14 19:08:08,885 - popup - INFO - Popup t³umaczenia zainicjowany
2025-04-14 19:08:08,885 - screenshot - INFO - Narzêdzie zrzutu ekranu zainicjowane
2025-04-14 19:08:08,885 - tray_icon - INFO - Ikona zasobnika systemowego zainicjowana
2025-04-14 19:08:08,887 - main - INFO - Aplikacja uruchomiona pomyœlnie
2025-04-14 19:08:26,335 - tray_icon - INFO - Wywo³ano akcjê przechwytywania ekranu
2025-04-14 19:08:26,335 - screenshot - INFO - Uruchamianie procesu przechwytywania ekranu
2025-04-14 19:08:26,336 - screenshot - INFO - Rozpoczêcie przechwytywania ekranu
2025-04-14 19:08:31,718 - screenshot - INFO - Zrzut ekranu zapisany w: C:\Users\fijal\AppData\Local\Temp\screenshot_20250414_190831.png
2025-04-14 19:08:31,718 - screenshot - INFO - Rozpoczêcie przetwarzania zrzutu ekranu: C:\Users\fijal\AppData\Local\Temp\screenshot_20250414_190831.png
2025-04-14 19:08:31,726 - screenshot - INFO - Przechwytywanie ekranu anulowane
2025-04-14 19:08:31,726 - screenshot - INFO - Rozpoczêcie przetwarzania zrzutu ekranu: C:\Users\fijal\AppData\Local\Temp\screenshot_20250414_190831.png
2025-04-14 19:08:31,727 - ocr_engine - INFO - Ustawiono Tesseract OCR: C:\Users\fijal\Desktop\ScreenOCR & Translator\external\Tesseract-OCR\tesseract.exe
2025-04-14 19:08:31,727 - ocr_engine - INFO - Ustawiono TESSDATA_PREFIX: C:\Users\fijal\Desktop\ScreenOCR & Translator\external\Tesseract-OCR\tessdata
2025-04-14 19:08:31,727 - ocr_engine - INFO - Silnik OCR zainicjowany
2025-04-14 19:08:31,727 - translator - INFO - Translator zainicjowany
2025-04-14 19:08:31,727 - ocr_engine - INFO - Przetwarzanie obrazu: C:\Users\fijal\AppData\Local\Temp\screenshot_20250414_190831.png
2025-04-14 19:08:32,181 - ocr_engine - INFO - Rozpoznawanie tekstu zakoñczone
2025-04-14 19:08:32,181 - translator - INFO - T³umaczenie tekstu silnikiem google z en na pl
2025-04-14 19:08:32,507 - screenshot - INFO - Przetwarzanie zrzutu ekranu zakoñczone pomyœlnie
2025-04-14 19:08:32,508 - screenshot - INFO - Wyœwietlanie popup z t³umaczeniem
2025-04-14 19:08:32,528 - popup - INFO - Wyœwietlono popup z t³umaczeniem
2025-04-14 19:08:35,870 - popup - INFO - Zamkniêto popup z t³umaczeniem
2025-04-14 19:08:45,095 - tray_icon - INFO - Wyœwietlanie okna ustawieñ
2025-04-14 19:09:37,702 - tray_icon - INFO - Wyœwietlanie okna ustawieñ
2025-04-14 19:21:04,854 - main - INFO - Uruchamianie aplikacji ScreenOCR & Translator
2025-04-14 19:21:04,895 - settings - INFO - Wczytano ustawienia z pliku
2025-04-14 19:21:04,934 - popup - INFO - Popup t³umaczenia zainicjowany
2025-04-14 19:21:04,935 - screenshot - INFO - Narzêdzie zrzutu ekranu zainicjowane
2025-04-14 19:21:04,935 - tray_icon - INFO - Ikona zasobnika systemowego zainicjowana
2025-04-14 19:21:04,936 - main - INFO - Aplikacja uruchomiona pomyœlnie
2025-04-14 19:21:15,393 - tray_icon - INFO - Wyœwietlanie okna ustawieñ
2025-04-14 19:21:33,109 - hotkey_tester - ERROR - B³¹d aktualizacji statusu: No module named 'hotkeys'
2025-04-14 19:21:33,215 - hotkey_tester - ERROR - B³¹d aktualizacji statusu: No module named 'hotkeys'
2025-04-14 19:21:33,335 - hotkey_tester - ERROR - B³¹d aktualizacji statusu: No module named 'hotkeys'
2025-04-14 19:21:33,446 - hotkey_tester - ERROR - B³¹d aktualizacji statusu: No module named 'hotkeys'
2025-04-14 19:21:33,559 - hotkey_tester - ERROR - B³¹d aktualizacji statusu: No module named 'hotkeys'
2025-04-14 19:21:33,664 - hotkey_tester - ERROR - B³¹d aktualizacji statusu: No module named 'hotkeys'
2025-04-14 19:21:33,775 - hotkey_tester - ERROR - B³¹d aktualizacji statusu: No module named 'hotkeys'
2025-04-14 19:21:33,890 - hotkey_tester - ERROR - B³¹d aktualizacji statusu: No module named 'hotkeys'
2025-04-14 19:21:34,000 - hotkey_tester - ERROR - B³¹d aktualizacji statusu: No module named 'hotkeys'
2025-04-14 19:21:34,111 - hotkey_tester - ERROR - B³¹d aktualizacji statusu: No module named 'hotkeys'
2025-04-14 19:21:34,223 - hotkey_tester - ERROR - B³¹d aktualizacji statusu: No module named 'hotkeys'
2025-04-14 19:21:34,327 - hotkey_tester - ERROR - B³¹d aktualizacji statusu: No module named 'hotkeys'
2025-04-14 19:21:34,433 - hotkey_tester - ERROR - B³¹d aktualizacji statusu: No module named 'hotkeys'
2025-04-14 19:21:34,548 - hotkey_tester - ERROR - B³¹d aktualizacji statusu: No module named 'hotkeys'
2025-04-14 19:21:34,655 - hotkey_tester - ERROR - B³¹d aktualizacji statusu: No module named 'hotkeys'
2025-04-14 19:21:34,758 - hotkey_tester - ERROR - B³¹d aktualizacji statusu: No module named 'hotkeys'
2025-04-14 19:21:34,869 - hotkey_tester - ERROR - B³¹d aktualizacji statusu: No module named 'hotkeys'
2025-04-14 19:21:34,981 - hotkey_tester - ERROR - B³¹d aktualizacji statusu: No module named 'hotkeys'
2025-04-14 19:21:35,096 - hotkey_tester - ERROR - B³¹d aktualizacji statusu: No module named 'hotkeys'
2025-04-14 19:21:35,196 - hotkey_tester - ERROR - B³¹d aktualizacji statusu: No module named 'hotkeys'
2025-04-14 19:21:35,313 - hotkey_tester - ERROR - B³¹d aktualizacji statusu: No module named 'hotkeys'
2025-04-14 19:21:35,425 - hotkey_tester - ERROR - B³¹d aktualizacji statusu: No module named 'hotkeys'
2025-04-14 19:21:35,537 - hotkey_tester - ERROR - B³¹d aktualizacji statusu: No module named 'hotkeys'
2025-04-14 19:21:35,633 - hotkey_tester - ERROR - B³¹d aktualizacji statusu: No module named 'hotkeys'
2025-04-14 19:21:35,743 - hotkey_tester - ERROR - B³¹d aktualizacji statusu: No module named 'hotkeys'
2025-04-14 19:21:35,855 - hotkey_tester - ERROR - B³¹d aktualizacji statusu: No module named 'hotkeys'
2025-04-14 19:21:35,968 - hotkey_tester - ERROR - B³¹d aktualizacji statusu: No module named 'hotkeys'
2025-04-14 19:21:36,080 - hotkey_tester - ERROR - B³¹d aktualizacji statusu: No module named 'hotkeys'
2025-04-14 19:21:36,192 - hotkey_tester - ERROR - B³¹d aktualizacji statusu: No module named 'hotkeys'
2025-04-14 19:21:36,303 - hotkey_tester - ERROR - B³¹d aktualizacji statusu: No module named 'hotkeys'
2025-04-14 19:21:36,399 - hotkey_tester - ERROR - B³¹d aktualizacji statusu: No module named 'hotkeys'
2025-04-14 19:21:36,510 - hotkey_tester - ERROR - B³¹d aktualizacji statusu: No module named 'hotkeys'
2025-04-14 19:21:36,623 - hotkey_tester - ERROR - B³¹d aktualizacji statusu: No module named 'hotkeys'
2025-04-14 19:21:36,736 - hotkey_tester - ERROR - B³¹d aktualizacji statusu: No module named 'hotkeys'
2025-04-14 19:21:36,840 - hotkey_tester - ERROR - B³¹d aktualizacji statusu: No module named 'hotkeys'
2025-04-14 19:21:36,956 - hotkey_tester - ERROR - B³¹d aktualizacji statusu: No module named 'hotkeys'
2025-04-14 19:21:37,067 - hotkey_tester - ERROR - B³¹d aktualizacji statusu: No module named 'hotkeys'
2025-04-14 19:21:37,183 - hotkey_tester - ERROR - B³¹d aktualizacji statusu: No module named 'hotkeys'
2025-04-14 19:21:37,299 - hotkey_tester - ERROR - B³¹d aktualizacji statusu: No module named 'hotkeys'
2025-04-14 19:21:37,413 - hotkey_tester - ERROR - B³¹d aktualizacji statusu: No module named 'hotkeys'
2025-04-14 19:21:37,508 - hotkey_tester - ERROR - B³¹d aktualizacji statusu: No module named 'hotkeys'
2025-04-14 19:21:37,620 - hotkey_tester - ERROR - B³¹d aktualizacji statusu: No module named 'hotkeys'
2025-04-14 19:21:37,732 - hotkey_tester - ERROR - B³¹d aktualizacji statusu: No module named 'hotkeys'
2025-04-14 19:21:37,844 - hotkey_tester - ERROR - B³¹d aktualizacji statusu: No module named 'hotkeys'
2025-04-14 19:21:37,956 - hotkey_tester - ERROR - B³¹d aktualizacji statusu: No module named 'hotkeys'
2025-04-14 19:21:38,067 - hotkey_tester - ERROR - B³¹d aktualizacji statusu: No module named 'hotkeys'
2025-04-14 19:21:38,177 - hotkey_tester - ERROR - B³¹d aktualizacji statusu: No module named 'hotkeys'
2025-04-14 19:21:38,273 - hotkey_tester - ERROR - B³¹d aktualizacji statusu: No module named 'hotkeys'
2025-04-14 19:21:38,384 - hotkey_tester - ERROR - B³¹d aktualizacji statusu: No module named 'hotkeys'
2025-04-14 19:21:38,503 - hotkey_tester - ERROR - B³¹d aktualizacji statusu: No module named 'hotkeys'
2025-04-14 19:21:38,615 - hotkey_tester - ERROR - B³¹d aktualizacji statusu: No module named 'hotkeys'
2025-04-14 19:21:38,711 - hotkey_tester - ERROR - B³¹d aktualizacji statusu: No module named 'hotkeys'
2025-04-14 19:21:38,823 - hotkey_tester - ERROR - B³¹d aktualizacji statusu: No module named 'hotkeys'
2025-04-14 19:21:38,935 - hotkey_tester - ERROR - B³¹d aktualizacji statusu: No module named 'hotkeys'
2025-04-14 19:21:39,047 - hotkey_tester - ERROR - B³¹d aktualizacji statusu: No module named 'hotkeys'
2025-04-14 19:21:39,158 - hotkey_tester - ERROR - B³¹d aktualizacji statusu: No module named 'hotkeys'
2025-04-14 19:21:39,269 - hotkey_tester - ERROR - B³¹d aktualizacji statusu: No module named 'hotkeys'
2025-04-14 19:21:39,380 - hotkey_tester - ERROR - B³¹d aktualizacji statusu: No module named 'hotkeys'
2025-04-14 19:21:39,491 - hotkey_tester - ERROR - B³¹d aktualizacji statusu: No module named 'hotkeys'
2025-04-14 19:21:39,586 - hotkey_tester - ERROR - B³¹d aktualizacji statusu: No module named 'hotkeys'
2025-04-14 19:21:39,697 - hotkey_tester - ERROR - B³¹d aktualizacji statusu: No module named 'hotkeys'
2025-04-14 19:21:39,808 - hotkey_tester - ERROR - B³¹d aktualizacji statusu: No module named 'hotkeys'
2025-04-14 19:21:39,920 - hotkey_tester - ERROR - B³¹d aktualizacji statusu: No module named 'hotkeys'
2025-04-14 19:21:40,031 - hotkey_tester - ERROR - B³¹d aktualizacji statusu: No module named 'hotkeys'
2025-04-14 19:21:40,143 - hotkey_tester - ERROR - B³¹d aktualizacji statusu: No module named 'hotkeys'
2025-04-14 19:21:40,255 - hotkey_tester - ERROR - B³¹d aktualizacji statusu: No module named 'hotkeys'
2025-04-14 19:21:40,351 - hotkey_tester - ERROR - B³¹d aktualizacji statusu: No module named 'hotkeys'
2025-04-14 19:21:40,462 - hotkey_tester - ERROR - B³¹d aktualizacji statusu: No module named 'hotkeys'
2025-04-14 19:21:40,572 - hotkey_tester - ERROR - B³¹d aktualizacji statusu: No module named 'hotkeys'
2025-04-14 19:21:40,683 - hotkey_tester - ERROR - B³¹d aktualizacji statusu: No module named 'hotkeys'
2025-04-14 19:21:40,795 - hotkey_tester - ERROR - B³¹d aktualizacji statusu: No module named 'hotkeys'
2025-04-14 19:21:40,907 - hotkey_tester - ERROR - B³¹d aktualizacji statusu: No module named 'hotkeys'
2025-04-14 19:21:41,019 - hotkey_tester - ERROR - B³¹d aktualizacji statusu: No module named 'hotkeys'
2025-04-14 19:21:41,127 - hotkey_tester - ERROR - B³¹d aktualizacji statusu: No module named 'hotkeys'
2025-04-14 19:21:41,229 - hotkey_tester - ERROR - B³¹d aktualizacji statusu: No module named 'hotkeys'
2025-04-14 19:21:41,341 - hotkey_tester - ERROR - B³¹d aktualizacji statusu: No module named 'hotkeys'
2025-04-14 19:21:41,452 - hotkey_tester - ERROR - B³¹d aktualizacji statusu: No module named 'hotkeys'
2025-04-14 19:21:41,563 - hotkey_tester - ERROR - B³¹d aktualizacji statusu: No module named 'hotkeys'
2025-04-14 19:21:41,675 - hotkey_tester - ERROR - B³¹d aktualizacji statusu: No module named 'hotkeys'
2025-04-14 19:21:41,773 - hotkey_tester - ERROR - B³¹d aktualizacji statusu: No module named 'hotkeys'
2025-04-14 19:21:41,884 - hotkey_tester - ERROR - B³¹d aktualizacji statusu: No module named 'hotkeys'
2025-04-14 19:21:41,995 - hotkey_tester - ERROR - B³¹d aktualizacji statusu: No module named 'hotkeys'
2025-04-14 19:21:42,108 - hotkey_tester - ERROR - B³¹d aktualizacji statusu: No module named 'hotkeys'
2025-04-14 19:21:42,213 - hotkey_tester - ERROR - B³¹d aktualizacji statusu: No module named 'hotkeys'
2025-04-14 19:21:42,325 - hotkey_tester - ERROR - B³¹d aktualizacji statusu: No module named 'hotkeys'
2025-04-14 19:21:42,436 - hotkey_tester - ERROR - B³¹d aktualizacji statusu: No module named 'hotkeys'
2025-04-14 19:21:42,549 - hotkey_tester - ERROR - B³¹d aktualizacji statusu: No module named 'hotkeys'
2025-04-14 19:21:42,659 - hotkey_tester - ERROR - B³¹d aktualizacji statusu: No module named 'hotkeys'
2025-04-14 19:21:42,773 - hotkey_tester - ERROR - B³¹d aktualizacji statusu: No module named 'hotkeys'
2025-04-14 19:21:42,884 - hotkey_tester - ERROR - B³¹d aktualizacji statusu: No module named 'hotkeys'
2025-04-14 19:21:42,996 - hotkey_tester - ERROR - B³¹d aktualizacji statusu: No module named 'hotkeys'
2025-04-14 19:21:43,108 - hotkey_tester - ERROR - B³¹d aktualizacji statusu: No module named 'hotkeys'
2025-04-14 19:21:43,229 - hotkey_tester - ERROR - B³¹d aktualizacji statusu: No module named 'hotkeys'
2025-04-14 19:21:43,340 - hotkey_tester - ERROR - B³¹d aktualizacji statusu: No module named 'hotkeys'
2025-04-14 19:21:43,453 - hotkey_tester - ERROR - B³¹d aktualizacji statusu: No module named 'hotkeys'
2025-04-14 19:21:43,564 - hotkey_tester - ERROR - B³¹d aktualizacji statusu: No module named 'hotkeys'
2025-04-14 19:21:43,676 - hotkey_tester - ERROR - B³¹d aktualizacji statusu: No module named 'hotkeys'
2025-04-14 19:21:43,775 - hotkey_tester - ERROR - B³¹d aktualizacji statusu: No module named 'hotkeys'
2025-04-14 19:21:43,886 - hotkey_tester - ERROR - B³¹d aktualizacji statusu: No module named 'hotkeys'
2025-04-14 19:21:43,998 - hotkey_tester - ERROR - B³¹d aktualizacji statusu: No module named 'hotkeys'
2025-04-14 19:21:44,110 - hotkey_tester - ERROR - B³¹d aktualizacji statusu: No module named 'hotkeys'
2025-04-14 19:21:44,222 - hotkey_tester - ERROR - B³¹d aktualizacji statusu: No module named 'hotkeys'
2025-04-14 19:21:44,333 - hotkey_tester - ERROR - B³¹d aktualizacji statusu: No module named 'hotkeys'
2025-04-14 19:21:44,444 - hotkey_tester - ERROR - B³¹d aktualizacji statusu: No module named 'hotkeys'
2025-04-14 19:21:44,543 - hotkey_tester - ERROR - B³¹d aktualizacji statusu: No module named 'hotkeys'
2025-04-14 19:21:44,654 - hotkey_tester - ERROR - B³¹d aktualizacji statusu: No module named 'hotkeys'
2025-04-14 19:21:44,765 - hotkey_tester - ERROR - B³¹d aktualizacji statusu: No module named 'hotkeys'
2025-04-14 19:21:44,876 - hotkey_tester - ERROR - B³¹d aktualizacji statusu: No module named 'hotkeys'
2025-04-14 19:21:44,987 - hotkey_tester - ERROR - B³¹d aktualizacji statusu: No module named 'hotkeys'
2025-04-14 19:21:45,087 - hotkey_tester - ERROR - B³¹d aktualizacji statusu: No module named 'hotkeys'
2025-04-14 19:21:45,198 - hotkey_tester - ERROR - B³¹d aktualizacji statusu: No module named 'hotkeys'
2025-04-14 19:21:45,308 - hotkey_tester - ERROR - B³¹d aktualizacji statusu: No module named 'hotkeys'
2025-04-14 19:21:45,424 - hotkey_tester - ERROR - B³¹d aktualizacji statusu: No module named 'hotkeys'
2025-04-14 19:21:45,535 - hotkey_tester - ERROR - B³¹d aktualizacji statusu: No module named 'hotkeys'
2025-04-14 19:21:45,646 - hotkey_tester - ERROR - B³¹d aktualizacji statusu: No module named 'hotkeys'
2025-04-14 19:21:45,741 - hotkey_tester - ERROR - B³¹d aktualizacji statusu: No module named 'hotkeys'
2025-04-14 19:21:45,853 - hotkey_tester - ERROR - B³¹d aktualizacji statusu: No module named 'hotkeys'
2025-04-14 19:21:45,964 - hotkey_tester - ERROR - B³¹d aktualizacji statusu: No module named 'hotkeys'
2025-04-14 19:21:46,074 - hotkey_tester - ERROR - B³¹d aktualizacji statusu: No module named 'hotkeys'
2025-04-14 19:21:46,185 - hotkey_tester - ERROR - B³¹d aktualizacji statusu: No module named 'hotkeys'
2025-04-14 19:21:46,297 - hotkey_tester - ERROR - B³¹d aktualizacji statusu: No module named 'hotkeys'
2025-04-14 19:21:46,409 - hotkey_tester - ERROR - B³¹d aktualizacji statusu: No module named 'hotkeys'
2025-04-14 19:21:46,520 - hotkey_tester - ERROR - B³¹d aktualizacji statusu: No module named 'hotkeys'
2025-04-14 19:21:46,618 - hotkey_tester - ERROR - B³¹d aktualizacji statusu: No module named 'hotkeys'
2025-04-14 19:21:46,729 - hotkey_tester - ERROR - B³¹d aktualizacji statusu: No module named 'hotkeys'
2025-04-14 19:21:46,841 - hotkey_tester - ERROR - B³¹d aktualizacji statusu: No module named 'hotkeys'
2025-04-14 19:21:46,953 - hotkey_tester - ERROR - B³¹d aktualizacji statusu: No module named 'hotkeys'
2025-04-14 19:21:47,064 - hotkey_tester - ERROR - B³¹d aktualizacji statusu: No module named 'hotkeys'
2025-04-14 19:21:47,175 - hotkey_tester - ERROR - B³¹d aktualizacji statusu: No module named 'hotkeys'
2025-04-14 19:21:47,285 - hotkey_tester - ERROR - B³¹d aktualizacji statusu: No module named 'hotkeys'
2025-04-14 19:21:47,397 - hotkey_tester - ERROR - B³¹d aktualizacji statusu: No module named 'hotkeys'
2025-04-14 19:21:47,493 - hotkey_tester - ERROR - B³¹d aktualizacji statusu: No module named 'hotkeys'
2025-04-14 19:21:47,604 - hotkey_tester - ERROR - B³¹d aktualizacji statusu: No module named 'hotkeys'
2025-04-14 19:21:47,717 - hotkey_tester - ERROR - B³¹d aktualizacji statusu: No module named 'hotkeys'
2025-04-14 19:21:47,828 - hotkey_tester - ERROR - B³¹d aktualizacji statusu: No module named 'hotkeys'
2025-04-14 19:21:47,939 - hotkey_tester - ERROR - B³¹d aktualizacji statusu: No module named 'hotkeys'
2025-04-14 19:21:48,053 - hotkey_tester - ERROR - B³¹d aktualizacji statusu: No module named 'hotkeys'
2025-04-14 19:21:48,149 - hotkey_tester - ERROR - B³¹d aktualizacji statusu: No module named 'hotkeys'
2025-04-14 19:21:48,263 - hotkey_tester - ERROR - B³¹d aktualizacji statusu: No module named 'hotkeys'
2025-04-14 19:21:48,375 - hotkey_tester - ERROR - B³¹d aktualizacji statusu: No module named 'hotkeys'
2025-04-14 19:21:48,476 - hotkey_tester - ERROR - B³¹d aktualizacji statusu: No module named 'hotkeys'
2025-04-14 19:21:48,587 - hotkey_tester - ERROR - B³¹d aktualizacji statusu: No module named 'hotkeys'
2025-04-14 19:21:48,699 - hotkey_tester - ERROR - B³¹d aktualizacji statusu: No module named 'hotkeys'
2025-04-14 19:21:48,811 - hotkey_tester - ERROR - B³¹d aktualizacji statusu: No module named 'hotkeys'
2025-04-14 19:21:48,923 - hotkey_tester - ERROR - B³¹d aktualizacji statusu: No module named 'hotkeys'
2025-04-14 19:21:49,036 - hotkey_tester - ERROR - B³¹d aktualizacji statusu: No module named 'hotkeys'
2025-04-14 19:21:49,133 - hotkey_tester - ERROR - B³¹d aktualizacji statusu: No module named 'hotkeys'
2025-04-14 19:21:49,253 - hotkey_tester - ERROR - B³¹d aktualizacji statusu: No module named 'hotkeys'
2025-04-14 19:21:49,353 - hotkey_tester - ERROR - B³¹d aktualizacji statusu: No module named 'hotkeys'
2025-04-14 19:21:49,464 - hotkey_tester - ERROR - B³¹d aktualizacji statusu: No module named 'hotkeys'
2025-04-14 19:21:49,575 - hotkey_tester - ERROR - B³¹d aktualizacji statusu: No module named 'hotkeys'
2025-04-14 19:21:49,686 - hotkey_tester - ERROR - B³¹d aktualizacji statusu: No module named 'hotkeys'
2025-04-14 19:21:49,797 - hotkey_tester - ERROR - B³¹d aktualizacji statusu: No module named 'hotkeys'
2025-04-14 19:21:49,907 - hotkey_tester - ERROR - B³¹d aktualizacji statusu: No module named 'hotkeys'
2025-04-14 19:21:50,019 - hotkey_tester - ERROR - B³¹d aktualizacji statusu: No module named 'hotkeys'
2025-04-14 19:21:50,131 - hotkey_tester - ERROR - B³¹d aktualizacji statusu: No module named 'hotkeys'
2025-04-14 19:21:50,225 - hotkey_tester - ERROR - B³¹d aktualizacji statusu: No module named 'hotkeys'
2025-04-14 19:21:50,339 - hotkey_tester - ERROR - B³¹d aktualizacji statusu: No module named 'hotkeys'
2025-04-14 19:21:50,450 - hotkey_tester - ERROR - B³¹d aktualizacji statusu: No module named 'hotkeys'
2025-04-14 19:21:50,562 - hotkey_tester - ERROR - B³¹d aktualizacji statusu: No module named 'hotkeys'
2025-04-14 19:21:50,675 - hotkey_tester - ERROR - B³¹d aktualizacji statusu: No module named 'hotkeys'
2025-04-14 19:21:50,787 - hotkey_tester - ERROR - B³¹d aktualizacji statusu: No module named 'hotkeys'
2025-04-14 19:21:50,882 - hotkey_tester - ERROR - B³¹d aktualizacji statusu: No module named 'hotkeys'
2025-04-14 19:21:50,994 - hotkey_tester - ERROR - B³¹d aktualizacji statusu: No module named 'hotkeys'
2025-04-14 19:21:51,107 - hotkey_tester - ERROR - B³¹d aktualizacji statusu: No module named 'hotkeys'
2025-04-14 19:21:51,218 - hotkey_tester - ERROR - B³¹d aktualizacji statusu: No module named 'hotkeys'
2025-04-14 19:21:51,332 - hotkey_tester - ERROR - B³¹d aktualizacji statusu: No module named 'hotkeys'
2025-04-14 19:21:51,436 - hotkey_tester - ERROR - B³¹d aktualizacji statusu: No module named 'hotkeys'
2025-04-14 19:21:51,549 - hotkey_tester - ERROR - B³¹d aktualizacji statusu: No module named 'hotkeys'
2025-04-14 19:21:51,661 - hotkey_tester - ERROR - B³¹d aktualizacji statusu: No module named 'hotkeys'
2025-04-14 19:21:51,773 - hotkey_tester - ERROR - B³¹d aktualizacji statusu: No module named 'hotkeys'
2025-04-14 19:21:51,884 - hotkey_tester - ERROR - B³¹d aktualizacji statusu: No module named 'hotkeys'
2025-04-14 19:21:51,995 - hotkey_tester - ERROR - B³¹d aktualizacji statusu: No module named 'hotkeys'
2025-04-14 19:21:52,109 - hotkey_tester - ERROR - B³¹d aktualizacji statusu: No module named 'hotkeys'
2025-04-14 19:21:52,219 - hotkey_tester - ERROR - B³¹d aktualizacji statusu: No module named 'hotkeys'
2025-04-14 19:21:52,330 - hotkey_tester - ERROR - B³¹d aktualizacji statusu: No module named 'hotkeys'
2025-04-14 19:21:52,441 - hotkey_tester - ERROR - B³¹d aktualizacji statusu: No module named 'hotkeys'
2025-04-14 19:21:52,538 - hotkey_tester - ERROR - B³¹d aktualizacji statusu: No module named 'hotkeys'
2025-04-14 19:21:52,648 - hotkey_tester - ERROR - B³¹d aktualizacji statusu: No module named 'hotkeys'
2025-04-14 19:21:52,763 - hotkey_tester - ERROR - B³¹d aktualizacji statusu: No module named 'hotkeys'
2025-04-14 19:21:52,871 - hotkey_tester - ERROR - B³¹d aktualizacji statusu: No module named 'hotkeys'
2025-04-14 19:21:52,982 - hotkey_tester - ERROR - B³¹d aktualizacji statusu: No module named 'hotkeys'
2025-04-14 19:21:53,092 - hotkey_tester - ERROR - B³¹d aktualizacji statusu: No module named 'hotkeys'
2025-04-14 19:21:53,209 - hotkey_tester - ERROR - B³¹d aktualizacji statusu: No module named 'hotkeys'
2025-04-14 19:21:53,308 - hotkey_tester - ERROR - B³¹d aktualizacji statusu: No module named 'hotkeys'
2025-04-14 19:21:53,418 - hotkey_tester - ERROR - B³¹d aktualizacji statusu: No module named 'hotkeys'
2025-04-14 19:21:53,530 - hotkey_tester - ERROR - B³¹d aktualizacji statusu: No module named 'hotkeys'
2025-04-14 19:21:53,642 - hotkey_tester - ERROR - B³¹d aktualizacji statusu: No module named 'hotkeys'
2025-04-14 19:21:53,758 - hotkey_tester - ERROR - B³¹d aktualizacji statusu: No module named 'hotkeys'
2025-04-14 19:21:53,870 - hotkey_tester - ERROR - B³¹d aktualizacji statusu: No module named 'hotkeys'
2025-04-14 19:21:53,979 - hotkey_tester - ERROR - B³¹d aktualizacji statusu: No module named 'hotkeys'
2025-04-14 19:21:54,091 - hotkey_tester - ERROR - B³¹d aktualizacji statusu: No module named 'hotkeys'
2025-04-14 19:21:54,203 - hotkey_tester - ERROR - B³¹d aktualizacji statusu: No module named 'hotkeys'
2025-04-14 19:21:54,314 - hotkey_tester - ERROR - B³¹d aktualizacji statusu: No module named 'hotkeys'
2025-04-14 19:21:54,428 - hotkey_tester - ERROR - B³¹d aktualizacji statusu: No module named 'hotkeys'
2025-04-14 19:21:54,523 - hotkey_tester - ERROR - B³¹d aktualizacji statusu: No module named 'hotkeys'
2025-04-14 19:21:54,633 - hotkey_tester - ERROR - B³¹d aktualizacji statusu: No module named 'hotkeys'
2025-04-14 19:21:54,748 - hotkey_tester - ERROR - B³¹d aktualizacji statusu: No module named 'hotkeys'
2025-04-14 19:21:54,860 - hotkey_tester - ERROR - B³¹d aktualizacji statusu: No module named 'hotkeys'
2025-04-14 19:21:54,971 - hotkey_tester - ERROR - B³¹d aktualizacji statusu: No module named 'hotkeys'
2025-04-14 19:21:55,082 - hotkey_tester - ERROR - B³¹d aktualizacji statusu: No module named 'hotkeys'
2025-04-14 19:21:55,179 - hotkey_tester - ERROR - B³¹d aktualizacji statusu: No module named 'hotkeys'
2025-04-14 19:21:55,298 - hotkey_tester - ERROR - B³¹d aktualizacji statusu: No module named 'hotkeys'
2025-04-14 19:21:55,410 - hotkey_tester - ERROR - B³¹d aktualizacji statusu: No module named 'hotkeys'
2025-04-14 19:21:55,523 - hotkey_tester - ERROR - B³¹d aktualizacji statusu: No module named 'hotkeys'
2025-04-14 19:21:55,646 - hotkey_tester - ERROR - B³¹d aktualizacji statusu: No module named 'hotkeys'
2025-04-14 19:21:55,742 - hotkey_tester - ERROR - B³¹d aktualizacji statusu: No module named 'hotkeys'
2025-04-14 19:21:55,852 - hotkey_tester - ERROR - B³¹d aktualizacji statusu: No module named 'hotkeys'
2025-04-14 19:21:55,964 - hotkey_tester - ERROR - B³¹d aktualizacji statusu: No module named 'hotkeys'
2025-04-14 19:21:56,075 - hotkey_tester - ERROR - B³¹d aktualizacji statusu: No module named 'hotkeys'
2025-04-14 19:21:56,186 - hotkey_tester - ERROR - B³¹d aktualizacji statusu: No module named 'hotkeys'
2025-04-14 19:21:56,292 - hotkey_tester - ERROR - B³¹d aktualizacji statusu: No module named 'hotkeys'
2025-04-14 19:21:56,403 - hotkey_tester - ERROR - B³¹d aktualizacji statusu: No module named 'hotkeys'
2025-04-14 19:21:56,514 - hotkey_tester - ERROR - B³¹d aktualizacji statusu: No module named 'hotkeys'
2025-04-14 19:21:56,617 - hotkey_tester - ERROR - B³¹d aktualizacji statusu: No module named 'hotkeys'
2025-04-14 19:21:56,729 - hotkey_tester - ERROR - B³¹d aktualizacji statusu: No module named 'hotkeys'
2025-04-14 19:21:56,838 - hotkey_tester - ERROR - B³¹d aktualizacji statusu: No module named 'hotkeys'
2025-04-14 19:21:56,946 - hotkey_tester - ERROR - B³¹d aktualizacji statusu: No module named 'hotkeys'
2025-04-14 19:21:57,055 - hotkey_tester - ERROR - B³¹d aktualizacji statusu: No module named 'hotkeys'
2025-04-14 19:21:57,167 - hotkey_tester - ERROR - B³¹d aktualizacji statusu: No module named 'hotkeys'
2025-04-14 19:21:57,276 - hotkey_tester - ERROR - B³¹d aktualizacji statusu: No module named 'hotkeys'
2025-04-14 19:21:57,383 - hotkey_tester - ERROR - B³¹d aktualizacji statusu: No module named 'hotkeys'
2025-04-14 19:21:57,495 - hotkey_tester - ERROR - B³¹d aktualizacji statusu: No module named 'hotkeys'
2025-04-14 19:21:57,610 - hotkey_tester - ERROR - B³¹d aktualizacji statusu: No module named 'hotkeys'
2025-04-14 19:21:57,720 - hotkey_tester - ERROR - B³¹d aktualizacji statusu: No module named 'hotkeys'
2025-04-14 19:21:57,819 - hotkey_tester - ERROR - B³¹d aktualizacji statusu: No module named 'hotkeys'
2025-04-14 19:21:57,931 - hotkey_tester - ERROR - B³¹d aktualizacji statusu: No module named 'hotkeys'
2025-04-14 19:21:58,042 - hotkey_tester - ERROR - B³¹d aktualizacji statusu: No module named 'hotkeys'
2025-04-14 19:21:58,153 - hotkey_tester - ERROR - B³¹d aktualizacji statusu: No module named 'hotkeys'
2025-04-14 19:21:58,264 - hotkey_tester - ERROR - B³¹d aktualizacji statusu: No module named 'hotkeys'
2025-04-14 19:21:58,374 - hotkey_tester - ERROR - B³¹d aktualizacji statusu: No module named 'hotkeys'
2025-04-14 19:21:58,487 - hotkey_tester - ERROR - B³¹d aktualizacji statusu: No module named 'hotkeys'
2025-04-14 19:21:58,600 - hotkey_tester - ERROR - B³¹d aktualizacji statusu: No module named 'hotkeys'
2025-04-14 19:21:58,695 - hotkey_tester - ERROR - B³¹d aktualizacji statusu: No module named 'hotkeys'
2025-04-14 19:21:58,807 - hotkey_tester - ERROR - B³¹d aktualizacji statusu: No module named 'hotkeys'
2025-04-14 19:21:58,919 - hotkey_tester - ERROR - B³¹d aktualizacji statusu: No module named 'hotkeys'
2025-04-14 19:21:59,031 - hotkey_tester - ERROR - B³¹d aktualizacji statusu: No module named 'hotkeys'
2025-04-14 19:21:59,143 - hotkey_tester - ERROR - B³¹d aktualizacji statusu: No module named 'hotkeys'
2025-04-14 19:21:59,242 - hotkey_tester - ERROR - B³¹d aktualizacji statusu: No module named 'hotkeys'
2025-04-14 19:21:59,359 - hotkey_tester - ERROR - B³¹d aktualizacji statusu: No module named 'hotkeys'
2025-04-14 19:21:59,470 - hotkey_tester - ERROR - B³¹d aktualizacji statusu: No module named 'hotkeys'
2025-04-14 19:21:59,588 - hotkey_tester - ERROR - B³¹d aktualizacji statusu: No module named 'hotkeys'
2025-04-14 19:21:59,703 - hotkey_tester - ERROR - B³¹d aktualizacji statusu: No module named 'hotkeys'
2025-04-14 19:21:59,806 - hotkey_tester - ERROR - B³¹d aktualizacji statusu: No module named 'hotkeys'
2025-04-14 19:21:59,928 - hotkey_tester - ERROR - B³¹d aktualizacji statusu: No module named 'hotkeys'
2025-04-14 19:22:00,024 - hotkey_tester - ERROR - B³¹d aktualizacji statusu: No module named 'hotkeys'
2025-04-14 19:22:00,135 - hotkey_tester - ERROR - B³¹d aktualizacji statusu: No module named 'hotkeys'
2025-04-14 19:22:00,255 - hotkey_tester - ERROR - B³¹d aktualizacji statusu: No module named 'hotkeys'
2025-04-14 19:22:00,357 - hotkey_tester - ERROR - B³¹d aktualizacji statusu: No module named 'hotkeys'
2025-04-14 19:22:00,464 - hotkey_tester - ERROR - B³¹d aktualizacji statusu: No module named 'hotkeys'
2025-04-14 19:22:00,576 - hotkey_tester - ERROR - B³¹d aktualizacji statusu: No module named 'hotkeys'
2025-04-14 19:22:00,687 - hotkey_tester - ERROR - B³¹d aktualizacji statusu: No module named 'hotkeys'
2025-04-14 19:22:00,790 - hotkey_tester - ERROR - B³¹d aktualizacji statusu: No module named 'hotkeys'
2025-04-14 19:22:00,902 - hotkey_tester - ERROR - B³¹d aktualizacji statusu: No module named 'hotkeys'
2025-04-14 19:22:01,017 - hotkey_tester - ERROR - B³¹d aktualizacji statusu: No module named 'hotkeys'
2025-04-14 19:22:01,128 - hotkey_tester - ERROR - B³¹d aktualizacji statusu: No module named 'hotkeys'
2025-04-14 19:22:01,240 - hotkey_tester - ERROR - B³¹d aktualizacji statusu: No module named 'hotkeys'
2025-04-14 19:22:01,335 - hotkey_tester - ERROR - B³¹d aktualizacji statusu: No module named 'hotkeys'
2025-04-14 19:22:01,453 - hotkey_tester - ERROR - B³¹d aktualizacji statusu: No module named 'hotkeys'
2025-04-14 19:22:01,559 - hotkey_tester - ERROR - B³¹d aktualizacji statusu: No module named 'hotkeys'
2025-04-14 19:22:01,671 - hotkey_tester - ERROR - B³¹d aktualizacji statusu: No module named 'hotkeys'
2025-04-14 19:22:01,782 - hotkey_tester - ERROR - B³¹d aktualizacji statusu: No module named 'hotkeys'
2025-04-14 19:22:01,891 - hotkey_tester - ERROR - B³¹d aktualizacji statusu: No module named 'hotkeys'
2025-04-14 19:22:02,002 - hotkey_tester - ERROR - B³¹d aktualizacji statusu: No module named 'hotkeys'
2025-04-14 19:22:02,113 - hotkey_tester - ERROR - B³¹d aktualizacji statusu: No module named 'hotkeys'
2025-04-14 19:22:02,224 - hotkey_tester - ERROR - B³¹d aktualizacji statusu: No module named 'hotkeys'
2025-04-14 19:22:02,323 - hotkey_tester - ERROR - B³¹d aktualizacji statusu: No module named 'hotkeys'
2025-04-14 19:22:02,434 - hotkey_tester - ERROR - B³¹d aktualizacji statusu: No module named 'hotkeys'
2025-04-14 19:22:02,546 - hotkey_tester - ERROR - B³¹d aktualizacji statusu: No module named 'hotkeys'
2025-04-14 19:22:02,653 - hotkey_tester - ERROR - B³¹d aktualizacji statusu: No module named 'hotkeys'
2025-04-14 19:22:02,758 - hotkey_tester - ERROR - B³¹d aktualizacji statusu: No module named 'hotkeys'
2025-04-14 19:22:02,874 - hotkey_tester - ERROR - B³¹d aktualizacji statusu: No module named 'hotkeys'
2025-04-14 19:22:02,983 - hotkey_tester - ERROR - B³¹d aktualizacji statusu: No module named 'hotkeys'
2025-04-14 19:22:03,095 - hotkey_tester - ERROR - B³¹d aktualizacji statusu: No module named 'hotkeys'
2025-04-14 19:22:03,195 - hotkey_tester - ERROR - B³¹d aktualizacji statusu: No module named 'hotkeys'
2025-04-14 19:22:03,307 - hotkey_tester - ERROR - B³¹d aktualizacji statusu: No module named 'hotkeys'
2025-04-14 19:22:03,416 - hotkey_tester - ERROR - B³¹d aktualizacji statusu: No module named 'hotkeys'
2025-04-14 19:22:03,535 - hotkey_tester - ERROR - B³¹d aktualizacji statusu: No module named 'hotkeys'
2025-04-14 19:22:07,249 - settings - INFO - Zapisano ustawienia do pliku
2025-04-14 19:22:07,249 - settings - INFO - Zapisano ustawienia do pliku
2025-04-14 19:22:07,250 - settings - INFO - Zapisano ustawienia do pliku
2025-04-14 19:22:07,251 - settings - INFO - Zapisano ustawienia do pliku
2025-04-14 19:22:07,251 - settings - INFO - Zapisano ustawienia do pliku
2025-04-14 19:22:07,252 - settings - INFO - Zapisano ustawienia do pliku
2025-04-14 19:22:07,252 - settings - INFO - Zapisano ustawienia do pliku
2025-04-14 19:22:07,253 - settings - INFO - Zapisano ustawienia do pliku
2025-04-14 19:22:07,254 - settings - INFO - Zapisano ustawienia do pliku
2025-04-14 19:22:07,254 - settings - INFO - Zapisano ustawienia do pliku
2025-04-14 19:22:07,255 - settings - INFO - Zapisano ustawienia do pliku
2025-04-14 19:22:07,256 - settings - INFO - Zapisano ustawienia do pliku
2025-04-14 19:22:07,256 - settings - INFO - Zapisano ustawienia do pliku
2025-04-14 19:22:07,257 - settings - INFO - Zapisano ustawienia do pliku
2025-04-14 19:22:07,258 - settings - INFO - Zapisano ustawienia do pliku
2025-04-14 19:22:07,258 - settings - INFO - Zapisano ustawienia do pliku
2025-04-14 19:22:07,259 - settings - INFO - Zapisano ustawienia do pliku
2025-04-14 19:22:07,259 - settings - INFO - Zapisano ustawienia do pliku
2025-04-14 19:22:07,260 - settings - INFO - Zapisano ustawienia do pliku
2025-04-14 19:22:07,261 - settings - INFO - Zapisano ustawienia do pliku
2025-04-14 19:22:07,261 - settings - INFO - Zapisano ustawienia do pliku
2025-04-14 19:22:07,262 - settings - INFO - Zapisano ustawienia do pliku
2025-04-14 19:22:07,263 - settings - INFO - Zapisano ustawienia do pliku
2025-04-14 19:23:13,433 - tray_icon - INFO - Wyœwietlanie okna ustawieñ
2025-04-14 19:23:16,744 - hotkey_tester - ERROR - B³¹d aktualizacji statusu: No module named 'hotkeys'
2025-04-14 19:23:16,854 - hotkey_tester - ERROR - B³¹d aktualizacji statusu: No module named 'hotkeys'
2025-04-14 19:23:16,967 - hotkey_tester - ERROR - B³¹d aktualizacji statusu: No module named 'hotkeys'
2025-04-14 19:23:17,079 - hotkey_tester - ERROR - B³¹d aktualizacji statusu: No module named 'hotkeys'
2025-04-14 19:23:17,183 - hotkey_tester - ERROR - B³¹d aktualizacji statusu: No module named 'hotkeys'
2025-04-14 19:23:17,300 - hotkey_tester - ERROR - B³¹d aktualizacji statusu: No module named 'hotkeys'
2025-04-14 19:23:17,412 - hotkey_tester - ERROR - B³¹d aktualizacji statusu: No module named 'hotkeys'
2025-04-14 19:23:17,523 - hotkey_tester - ERROR - B³¹d aktualizacji statusu: No module named 'hotkeys'
2025-04-14 19:23:17,634 - hotkey_tester - ERROR - B³¹d aktualizacji statusu: No module named 'hotkeys'
2025-04-14 19:23:17,746 - hotkey_tester - ERROR - B³¹d aktualizacji statusu: No module named 'hotkeys'
2025-04-14 19:23:17,858 - hotkey_tester - ERROR - B³¹d aktualizacji statusu: No module named 'hotkeys'
2025-04-14 19:23:17,970 - hotkey_tester - ERROR - B³¹d aktualizacji statusu: No module named 'hotkeys'
2025-04-14 19:23:18,080 - hotkey_tester - ERROR - B³¹d aktualizacji statusu: No module named 'hotkeys'
2025-04-14 19:23:18,183 - hotkey_tester - ERROR - B³¹d aktualizacji statusu: No module named 'hotkeys'
2025-04-14 19:23:18,295 - hotkey_tester - ERROR - B³¹d aktualizacji statusu: No module named 'hotkeys'
2025-04-14 19:23:18,399 - hotkey_tester - ERROR - B³¹d aktualizacji statusu: No module named 'hotkeys'
2025-04-14 19:23:18,510 - hotkey_tester - ERROR - B³¹d aktualizacji statusu: No module named 'hotkeys'
2025-04-14 19:23:18,623 - hotkey_tester - ERROR - B³¹d aktualizacji statusu: No module named 'hotkeys'
2025-04-14 19:23:18,735 - hotkey_tester - ERROR - B³¹d aktualizacji statusu: No module named 'hotkeys'
2025-04-14 19:23:18,847 - hotkey_tester - ERROR - B³¹d aktualizacji statusu: No module named 'hotkeys'
2025-04-14 19:23:18,951 - hotkey_tester - ERROR - B³¹d aktualizacji statusu: No module named 'hotkeys'
2025-04-14 19:23:19,054 - hotkey_tester - ERROR - B³¹d aktualizacji statusu: No module named 'hotkeys'
2025-04-14 19:23:19,167 - hotkey_tester - ERROR - B³¹d aktualizacji statusu: No module named 'hotkeys'
2025-04-14 19:23:19,279 - hotkey_tester - ERROR - B³¹d aktualizacji statusu: No module named 'hotkeys'
2025-04-14 19:23:19,383 - hotkey_tester - ERROR - B³¹d aktualizacji statusu: No module named 'hotkeys'
2025-04-14 19:23:19,492 - hotkey_tester - ERROR - B³¹d aktualizacji statusu: No module named 'hotkeys'
2025-04-14 19:23:19,603 - hotkey_tester - ERROR - B³¹d aktualizacji statusu: No module named 'hotkeys'
2025-04-14 19:23:19,715 - hotkey_tester - ERROR - B³¹d aktualizacji statusu: No module named 'hotkeys'
2025-04-14 19:23:19,823 - hotkey_tester - ERROR - B³¹d aktualizacji statusu: No module named 'hotkeys'
2025-04-14 19:23:19,935 - hotkey_tester - ERROR - B³¹d aktualizacji statusu: No module named 'hotkeys'
2025-04-14 19:23:20,047 - hotkey_tester - ERROR - B³¹d aktualizacji statusu: No module named 'hotkeys'
2025-04-14 19:23:20,148 - hotkey_tester - ERROR - B³¹d aktualizacji statusu: No module named 'hotkeys'
2025-04-14 19:23:20,260 - hotkey_tester - ERROR - B³¹d aktualizacji statusu: No module named 'hotkeys'
2025-04-14 19:23:20,371 - hotkey_tester - ERROR - B³¹d aktualizacji statusu: No module named 'hotkeys'
2025-04-14 19:23:20,481 - hotkey_tester - ERROR - B³¹d aktualizacji statusu: No module named 'hotkeys'
2025-04-14 19:23:20,600 - hotkey_tester - ERROR - B³¹d aktualizacji statusu: No module named 'hotkeys'
2025-04-14 19:23:20,703 - hotkey_tester - ERROR - B³¹d aktualizacji statusu: No module named 'hotkeys'
2025-04-14 19:23:20,813 - hotkey_tester - ERROR - B³¹d aktualizacji statusu: No module named 'hotkeys'
2025-04-14 19:23:20,925 - hotkey_tester - ERROR - B³¹d aktualizacji statusu: No module named 'hotkeys'
2025-04-14 19:23:21,036 - hotkey_tester - ERROR - B³¹d aktualizacji statusu: No module named 'hotkeys'
2025-04-14 19:23:21,133 - hotkey_tester - ERROR - B³¹d aktualizacji statusu: No module named 'hotkeys'
2025-04-14 19:23:21,248 - hotkey_tester - ERROR - B³¹d aktualizacji statusu: No module named 'hotkeys'
2025-04-14 19:23:21,359 - hotkey_tester - ERROR - B³¹d aktualizacji statusu: No module named 'hotkeys'
2025-04-14 19:23:21,469 - hotkey_tester - ERROR - B³¹d aktualizacji statusu: No module named 'hotkeys'
2025-04-14 19:23:21,583 - hotkey_tester - ERROR - B³¹d aktualizacji statusu: No module named 'hotkeys'
2025-04-14 19:23:21,679 - hotkey_tester - ERROR - B³¹d aktualizacji statusu: No module named 'hotkeys'
2025-04-14 19:23:21,791 - hotkey_tester - ERROR - B³¹d aktualizacji statusu: No module named 'hotkeys'
2025-04-14 19:23:21,902 - hotkey_tester - ERROR - B³¹d aktualizacji statusu: No module named 'hotkeys'
2025-04-14 19:23:22,016 - hotkey_tester - ERROR - B³¹d aktualizacji statusu: No module named 'hotkeys'
2025-04-14 19:23:22,129 - hotkey_tester - ERROR - B³¹d aktualizacji statusu: No module named 'hotkeys'
2025-04-14 19:23:22,240 - hotkey_tester - ERROR - B³¹d aktualizacji statusu: No module named 'hotkeys'
2025-04-14 19:23:22,336 - hotkey_tester - ERROR - B³¹d aktualizacji statusu: No module named 'hotkeys'
2025-04-14 19:23:22,446 - hotkey_tester - ERROR - B³¹d aktualizacji statusu: No module named 'hotkeys'
2025-04-14 19:23:22,557 - hotkey_tester - ERROR - B³¹d aktualizacji statusu: No module named 'hotkeys'
2025-04-14 19:23:22,668 - hotkey_tester - ERROR - B³¹d aktualizacji statusu: No module named 'hotkeys'
2025-04-14 19:23:22,780 - hotkey_tester - ERROR - B³¹d aktualizacji statusu: No module named 'hotkeys'
2025-04-14 19:23:22,891 - hotkey_tester - ERROR - B³¹d aktualizacji statusu: No module named 'hotkeys'
2025-04-14 19:23:23,003 - hotkey_tester - ERROR - B³¹d aktualizacji statusu: No module named 'hotkeys'
2025-04-14 19:23:23,114 - hotkey_tester - ERROR - B³¹d aktualizacji statusu: No module named 'hotkeys'
2025-04-14 19:23:23,224 - hotkey_tester - ERROR - B³¹d aktualizacji statusu: No module named 'hotkeys'
2025-04-14 19:23:23,334 - hotkey_tester - ERROR - B³¹d aktualizacji statusu: No module named 'hotkeys'
2025-04-14 19:23:23,430 - hotkey_tester - ERROR - B³¹d aktualizacji statusu: No module named 'hotkeys'
2025-04-14 19:23:23,543 - hotkey_tester - ERROR - B³¹d aktualizacji statusu: No module named 'hotkeys'
2025-04-14 19:23:23,655 - hotkey_tester - ERROR - B³¹d aktualizacji statusu: No module named 'hotkeys'
2025-04-14 19:23:23,767 - hotkey_tester - ERROR - B³¹d aktualizacji statusu: No module named 'hotkeys'
2025-04-14 19:23:23,879 - hotkey_tester - ERROR - B³¹d aktualizacji statusu: No module named 'hotkeys'
2025-04-14 19:23:23,991 - hotkey_tester - ERROR - B³¹d aktualizacji statusu: No module named 'hotkeys'
2025-04-14 19:23:24,103 - hotkey_tester - ERROR - B³¹d aktualizacji statusu: No module named 'hotkeys'
2025-04-14 19:23:24,213 - hotkey_tester - ERROR - B³¹d aktualizacji statusu: No module named 'hotkeys'
2025-04-14 19:23:24,328 - hotkey_tester - ERROR - B³¹d aktualizacji statusu: No module named 'hotkeys'
2025-04-14 19:23:24,440 - hotkey_tester - ERROR - B³¹d aktualizacji statusu: No module named 'hotkeys'
2025-04-14 19:23:24,551 - hotkey_tester - ERROR - B³¹d aktualizacji statusu: No module named 'hotkeys'
2025-04-14 19:23:24,663 - hotkey_tester - ERROR - B³¹d aktualizacji statusu: No module named 'hotkeys'
2025-04-14 19:24:15,653 - hotkey_tester - ERROR - B³¹d aktualizacji statusu: No module named 'hotkeys'
2025-04-14 19:24:15,767 - hotkey_tester - ERROR - B³¹d aktualizacji statusu: No module named 'hotkeys'
2025-04-14 19:24:15,867 - hotkey_tester - ERROR - B³¹d aktualizacji statusu: No module named 'hotkeys'
2025-04-14 19:24:15,978 - hotkey_tester - ERROR - B³¹d aktualizacji statusu: No module named 'hotkeys'
2025-04-14 19:24:16,089 - hotkey_tester - ERROR - B³¹d aktualizacji statusu: No module named 'hotkeys'
2025-04-14 19:24:16,200 - hotkey_tester - ERROR - B³¹d aktualizacji statusu: No module named 'hotkeys'
2025-04-14 19:24:16,311 - hotkey_tester - ERROR - B³¹d aktualizacji statusu: No module named 'hotkeys'
2025-04-14 19:24:16,427 - hotkey_tester - ERROR - B³¹d aktualizacji statusu: No module named 'hotkeys'
2025-04-14 19:24:16,538 - hotkey_tester - ERROR - B³¹d aktualizacji statusu: No module named 'hotkeys'
2025-04-14 19:24:16,633 - hotkey_tester - ERROR - B³¹d aktualizacji statusu: No module named 'hotkeys'
2025-04-14 19:24:16,748 - hotkey_tester - ERROR - B³¹d aktualizacji statusu: No module named 'hotkeys'
2025-04-14 19:24:16,859 - hotkey_tester - ERROR - B³¹d aktualizacji statusu: No module named 'hotkeys'
2025-04-14 19:24:16,970 - hotkey_tester - ERROR - B³¹d aktualizacji statusu: No module named 'hotkeys'
2025-04-14 19:24:17,084 - hotkey_tester - ERROR - B³¹d aktualizacji statusu: No module named 'hotkeys'
2025-04-14 19:24:17,179 - hotkey_tester - ERROR - B³¹d aktualizacji statusu: No module named 'hotkeys'
2025-04-14 19:24:17,291 - hotkey_tester - ERROR - B³¹d aktualizacji statusu: No module named 'hotkeys'
2025-04-14 19:24:17,403 - hotkey_tester - ERROR - B³¹d aktualizacji statusu: No module named 'hotkeys'
2025-04-14 19:24:17,515 - hotkey_tester - ERROR - B³¹d aktualizacji statusu: No module named 'hotkeys'
2025-04-14 19:24:17,625 - hotkey_tester - ERROR - B³¹d aktualizacji statusu: No module named 'hotkeys'
2025-04-14 19:24:17,736 - hotkey_tester - ERROR - B³¹d aktualizacji statusu: No module named 'hotkeys'
2025-04-14 19:24:17,847 - hotkey_tester - ERROR - B³¹d aktualizacji statusu: No module named 'hotkeys'
2025-04-14 19:24:17,958 - hotkey_tester - ERROR - B³¹d aktualizacji statusu: No module named 'hotkeys'
2025-04-14 19:24:18,054 - hotkey_tester - ERROR - B³¹d aktualizacji statusu: No module named 'hotkeys'
2025-04-14 19:24:18,165 - hotkey_tester - ERROR - B³¹d aktualizacji statusu: No module named 'hotkeys'
2025-04-14 19:24:18,277 - hotkey_tester - ERROR - B³¹d aktualizacji statusu: No module named 'hotkeys'
2025-04-14 19:24:18,388 - hotkey_tester - ERROR - B³¹d aktualizacji statusu: No module named 'hotkeys'
2025-04-14 19:24:18,498 - hotkey_tester - ERROR - B³¹d aktualizacji statusu: No module named 'hotkeys'
2025-04-14 19:24:18,613 - hotkey_tester - ERROR - B³¹d aktualizacji statusu: No module named 'hotkeys'
2025-04-14 19:24:18,723 - hotkey_tester - ERROR - B³¹d aktualizacji statusu: No module named 'hotkeys'
2025-04-14 19:24:18,835 - hotkey_tester - ERROR - B³¹d aktualizacji statusu: No module named 'hotkeys'
2025-04-14 19:24:18,930 - hotkey_tester - ERROR - B³¹d aktualizacji statusu: No module named 'hotkeys'
2025-04-14 19:24:19,041 - hotkey_tester - ERROR - B³¹d aktualizacji statusu: No module named 'hotkeys'
2025-04-14 19:24:19,152 - hotkey_tester - ERROR - B³¹d aktualizacji statusu: No module named 'hotkeys'
2025-04-14 19:24:19,263 - hotkey_tester - ERROR - B³¹d aktualizacji statusu: No module named 'hotkeys'
2025-04-14 19:24:19,375 - hotkey_tester - ERROR - B³¹d aktualizacji statusu: No module named 'hotkeys'
2025-04-14 19:24:19,487 - hotkey_tester - ERROR - B³¹d aktualizacji statusu: No module named 'hotkeys'
2025-04-14 19:24:19,598 - hotkey_tester - ERROR - B³¹d aktualizacji statusu: No module named 'hotkeys'
2025-04-14 19:24:19,709 - hotkey_tester - ERROR - B³¹d aktualizacji statusu: No module named 'hotkeys'
2025-04-14 19:24:19,819 - hotkey_tester - ERROR - B³¹d aktualizacji statusu: No module named 'hotkeys'
2025-04-14 19:24:19,930 - hotkey_tester - ERROR - B³¹d aktualizacji statusu: No module named 'hotkeys'
2025-04-14 19:24:20,040 - hotkey_tester - ERROR - B³¹d aktualizacji statusu: No module named 'hotkeys'
2025-04-14 19:24:20,152 - hotkey_tester - ERROR - B³¹d aktualizacji statusu: No module named 'hotkeys'
2025-04-14 19:24:20,264 - hotkey_tester - ERROR - B³¹d aktualizacji statusu: No module named 'hotkeys'
2025-04-14 19:24:20,374 - hotkey_tester - ERROR - B³¹d aktualizacji statusu: No module named 'hotkeys'
2025-04-14 19:24:20,487 - hotkey_tester - ERROR - B³¹d aktualizacji statusu: No module named 'hotkeys'
2025-04-14 19:24:20,598 - hotkey_tester - ERROR - B³¹d aktualizacji statusu: No module named 'hotkeys'
2025-04-14 19:24:20,710 - hotkey_tester - ERROR - B³¹d aktualizacji statusu: No module named 'hotkeys'
2025-04-14 19:24:20,820 - hotkey_tester - ERROR - B³¹d aktualizacji statusu: No module named 'hotkeys'
2025-04-14 19:24:20,932 - hotkey_tester - ERROR - B³¹d aktualizacji statusu: No module named 'hotkeys'
2025-04-14 19:24:21,043 - hotkey_tester - ERROR - B³¹d aktualizacji statusu: No module named 'hotkeys'
2025-04-14 19:24:21,154 - hotkey_tester - ERROR - B³¹d aktualizacji statusu: No module named 'hotkeys'
2025-04-14 19:24:21,264 - hotkey_tester - ERROR - B³¹d aktualizacji statusu: No module named 'hotkeys'
2025-04-14 19:24:21,375 - hotkey_tester - ERROR - B³¹d aktualizacji statusu: No module named 'hotkeys'
2025-04-14 19:24:21,486 - hotkey_tester - ERROR - B³¹d aktualizacji statusu: No module named 'hotkeys'
2025-04-14 19:24:21,597 - hotkey_tester - ERROR - B³¹d aktualizacji statusu: No module named 'hotkeys'
2025-04-14 19:24:21,708 - hotkey_tester - ERROR - B³¹d aktualizacji statusu: No module named 'hotkeys'
2025-04-14 19:24:21,819 - hotkey_tester - ERROR - B³¹d aktualizacji statusu: No module named 'hotkeys'
2025-04-14 19:24:21,914 - hotkey_tester - ERROR - B³¹d aktualizacji statusu: No module named 'hotkeys'
2025-04-14 19:24:22,028 - hotkey_tester - ERROR - B³¹d aktualizacji statusu: No module named 'hotkeys'
2025-04-14 19:24:22,140 - hotkey_tester - ERROR - B³¹d aktualizacji statusu: No module named 'hotkeys'
2025-04-14 19:24:22,251 - hotkey_tester - ERROR - B³¹d aktualizacji statusu: No module named 'hotkeys'
2025-04-14 19:24:22,362 - hotkey_tester - ERROR - B³¹d aktualizacji statusu: No module named 'hotkeys'
2025-04-14 19:24:22,473 - hotkey_tester - ERROR - B³¹d aktualizacji statusu: No module named 'hotkeys'
2025-04-14 19:24:22,584 - hotkey_tester - ERROR - B³¹d aktualizacji statusu: No module named 'hotkeys'
2025-04-14 19:24:22,679 - hotkey_tester - ERROR - B³¹d aktualizacji statusu: No module named 'hotkeys'
2025-04-14 19:24:22,790 - hotkey_tester - ERROR - B³¹d aktualizacji statusu: No module named 'hotkeys'
2025-04-14 19:24:22,902 - hotkey_tester - ERROR - B³¹d aktualizacji statusu: No module named 'hotkeys'
2025-04-14 19:24:23,013 - hotkey_tester - ERROR - B³¹d aktualizacji statusu: No module named 'hotkeys'
2025-04-14 19:24:23,125 - hotkey_tester - ERROR - B³¹d aktualizacji statusu: No module named 'hotkeys'
2025-04-14 19:24:23,234 - hotkey_tester - ERROR - B³¹d aktualizacji statusu: No module named 'hotkeys'
2025-04-14 19:24:23,343 - hotkey_tester - ERROR - B³¹d aktualizacji statusu: No module named 'hotkeys'
2025-04-14 19:24:23,456 - hotkey_tester - ERROR - B³¹d aktualizacji statusu: No module named 'hotkeys'
2025-04-14 19:24:23,567 - hotkey_tester - ERROR - B³¹d aktualizacji statusu: No module named 'hotkeys'
2025-04-14 19:24:23,682 - hotkey_tester - ERROR - B³¹d aktualizacji statusu: No module named 'hotkeys'
2025-04-14 19:24:23,793 - hotkey_tester - ERROR - B³¹d aktualizacji statusu: No module named 'hotkeys'
2025-04-14 19:24:23,904 - hotkey_tester - ERROR - B³¹d aktualizacji statusu: No module named 'hotkeys'
2025-04-14 19:24:24,015 - hotkey_tester - ERROR - B³¹d aktualizacji statusu: No module named 'hotkeys'
2025-04-14 19:24:24,126 - hotkey_tester - ERROR - B³¹d aktualizacji statusu: No module named 'hotkeys'
2025-04-14 19:24:24,237 - hotkey_tester - ERROR - B³¹d aktualizacji statusu: No module named 'hotkeys'
2025-04-14 19:24:24,348 - hotkey_tester - ERROR - B³¹d aktualizacji statusu: No module named 'hotkeys'
2025-04-14 19:24:24,455 - hotkey_tester - ERROR - B³¹d aktualizacji statusu: No module named 'hotkeys'
2025-04-14 19:24:24,554 - hotkey_tester - ERROR - B³¹d aktualizacji statusu: No module named 'hotkeys'
2025-04-14 19:24:24,666 - hotkey_tester - ERROR - B³¹d aktualizacji statusu: No module named 'hotkeys'
2025-04-14 19:24:24,776 - hotkey_tester - ERROR - B³¹d aktualizacji statusu: No module named 'hotkeys'
2025-04-14 19:24:24,887 - hotkey_tester - ERROR - B³¹d aktualizacji statusu: No module named 'hotkeys'
2025-04-14 19:24:24,999 - hotkey_tester - ERROR - B³¹d aktualizacji statusu: No module named 'hotkeys'
2025-04-14 19:24:25,104 - hotkey_tester - ERROR - B³¹d aktualizacji statusu: No module named 'hotkeys'
2025-04-14 19:24:25,224 - hotkey_tester - ERROR - B³¹d aktualizacji statusu: No module named 'hotkeys'
2025-04-14 19:24:25,339 - hotkey_tester - ERROR - B³¹d aktualizacji statusu: No module named 'hotkeys'
2025-04-14 19:24:25,451 - hotkey_tester - ERROR - B³¹d aktualizacji statusu: No module named 'hotkeys'
2025-04-14 19:24:25,560 - hotkey_tester - ERROR - B³¹d aktualizacji statusu: No module named 'hotkeys'
2025-04-14 19:24:25,672 - hotkey_tester - ERROR - B³¹d aktualizacji statusu: No module named 'hotkeys'
2025-04-14 19:24:25,783 - hotkey_tester - ERROR - B³¹d aktualizacji statusu: No module named 'hotkeys'
2025-04-14 19:24:25,882 - hotkey_tester - ERROR - B³¹d aktualizacji statusu: No module named 'hotkeys'
2025-04-14 19:24:25,994 - hotkey_tester - ERROR - B³¹d aktualizacji statusu: No module named 'hotkeys'
2025-04-14 19:24:26,105 - hotkey_tester - ERROR - B³¹d aktualizacji statusu: No module named 'hotkeys'
2025-04-14 19:24:26,215 - hotkey_tester - ERROR - B³¹d aktualizacji statusu: No module named 'hotkeys'
2025-04-14 19:24:26,331 - hotkey_tester - ERROR - B³¹d aktualizacji statusu: No module named 'hotkeys'
2025-04-14 19:24:26,443 - hotkey_tester - ERROR - B³¹d aktualizacji statusu: No module named 'hotkeys'
2025-04-14 19:24:26,539 - hotkey_tester - ERROR - B³¹d aktualizacji statusu: No module named 'hotkeys'
2025-04-14 19:24:26,651 - hotkey_tester - ERROR - B³¹d aktualizacji statusu: No module named 'hotkeys'
2025-04-14 19:24:26,762 - hotkey_tester - ERROR - B³¹d aktualizacji statusu: No module named 'hotkeys'
2025-04-14 19:24:26,874 - hotkey_tester - ERROR - B³¹d aktualizacji statusu: No module named 'hotkeys'
2025-04-14 19:24:26,986 - hotkey_tester - ERROR - B³¹d aktualizacji statusu: No module named 'hotkeys'
2025-04-14 19:24:27,097 - hotkey_tester - ERROR - B³¹d aktualizacji statusu: No module named 'hotkeys'
2025-04-14 19:24:27,208 - hotkey_tester - ERROR - B³¹d aktualizacji statusu: No module named 'hotkeys'
2025-04-14 19:24:27,324 - hotkey_tester - ERROR - B³¹d aktualizacji statusu: No module named 'hotkeys'
2025-04-14 19:24:27,434 - hotkey_tester - ERROR - B³¹d aktualizacji statusu: No module named 'hotkeys'
2025-04-14 19:24:27,545 - hotkey_tester - ERROR - B³¹d aktualizacji statusu: No module named 'hotkeys'
2025-04-14 19:24:27,655 - hotkey_tester - ERROR - B³¹d aktualizacji statusu: No module named 'hotkeys'
2025-04-14 19:24:27,771 - hotkey_tester - ERROR - B³¹d aktualizacji statusu: No module named 'hotkeys'
2025-04-14 19:24:27,867 - hotkey_tester - ERROR - B³¹d aktualizacji statusu: No module named 'hotkeys'
2025-04-14 19:24:27,978 - hotkey_tester - ERROR - B³¹d aktualizacji statusu: No module named 'hotkeys'
2025-04-14 19:24:28,089 - hotkey_tester - ERROR - B³¹d aktualizacji statusu: No module named 'hotkeys'
2025-04-14 19:24:28,199 - hotkey_tester - ERROR - B³¹d aktualizacji statusu: No module named 'hotkeys'
2025-04-14 19:24:28,309 - hotkey_tester - ERROR - B³¹d aktualizacji statusu: No module named 'hotkeys'
2025-04-14 19:24:28,421 - hotkey_tester - ERROR - B³¹d aktualizacji statusu: No module named 'hotkeys'
2025-04-14 19:24:28,536 - hotkey_tester - ERROR - B³¹d aktualizacji statusu: No module named 'hotkeys'
2025-04-14 19:24:28,647 - hotkey_tester - ERROR - B³¹d aktualizacji statusu: No module named 'hotkeys'
2025-04-14 19:24:28,743 - hotkey_tester - ERROR - B³¹d aktualizacji statusu: No module named 'hotkeys'
2025-04-14 19:24:28,853 - hotkey_tester - ERROR - B³¹d aktualizacji statusu: No module named 'hotkeys'
2025-04-14 19:24:28,964 - hotkey_tester - ERROR - B³¹d aktualizacji statusu: No module named 'hotkeys'
2025-04-14 19:24:29,076 - hotkey_tester - ERROR - B³¹d aktualizacji statusu: No module named 'hotkeys'
2025-04-14 19:24:29,187 - hotkey_tester - ERROR - B³¹d aktualizacji statusu: No module named 'hotkeys'
2025-04-14 19:24:29,298 - hotkey_tester - ERROR - B³¹d aktualizacji statusu: No module named 'hotkeys'
2025-04-14 19:24:29,409 - hotkey_tester - ERROR - B³¹d aktualizacji statusu: No module named 'hotkeys'
2025-04-14 19:24:29,519 - hotkey_tester - ERROR - B³¹d aktualizacji statusu: No module named 'hotkeys'
2025-04-14 19:24:29,631 - hotkey_tester - ERROR - B³¹d aktualizacji statusu: No module named 'hotkeys'
2025-04-14 19:24:29,741 - hotkey_tester - ERROR - B³¹d aktualizacji statusu: No module named 'hotkeys'
2025-04-14 19:24:29,853 - hotkey_tester - ERROR - B³¹d aktualizacji statusu: No module named 'hotkeys'
2025-04-14 19:24:29,964 - hotkey_tester - ERROR - B³¹d aktualizacji statusu: No module named 'hotkeys'
2025-04-14 19:24:30,075 - hotkey_tester - ERROR - B³¹d aktualizacji statusu: No module named 'hotkeys'
2025-04-14 19:24:30,186 - hotkey_tester - ERROR - B³¹d aktualizacji statusu: No module named 'hotkeys'
2025-04-14 19:24:30,297 - hotkey_tester - ERROR - B³¹d aktualizacji statusu: No module named 'hotkeys'
2025-04-14 19:24:30,408 - hotkey_tester - ERROR - B³¹d aktualizacji statusu: No module named 'hotkeys'
2025-04-14 19:24:30,519 - hotkey_tester - ERROR - B³¹d aktualizacji statusu: No module named 'hotkeys'
2025-04-14 19:24:30,629 - hotkey_tester - ERROR - B³¹d aktualizacji statusu: No module named 'hotkeys'
2025-04-14 19:24:30,740 - hotkey_tester - ERROR - B³¹d aktualizacji statusu: No module named 'hotkeys'
2025-04-14 19:24:30,835 - hotkey_tester - ERROR - B³¹d aktualizacji statusu: No module named 'hotkeys'
2025-04-14 19:24:30,947 - hotkey_tester - ERROR - B³¹d aktualizacji statusu: No module named 'hotkeys'
2025-04-14 19:24:31,058 - hotkey_tester - ERROR - B³¹d aktualizacji statusu: No module named 'hotkeys'
2025-04-14 19:24:31,172 - hotkey_tester - ERROR - B³¹d aktualizacji statusu: No module named 'hotkeys'
2025-04-14 19:24:31,279 - hotkey_tester - ERROR - B³¹d aktualizacji statusu: No module named 'hotkeys'
2025-04-14 19:24:31,398 - hotkey_tester - ERROR - B³¹d aktualizacji statusu: No module named 'hotkeys'
2025-04-14 19:24:31,509 - hotkey_tester - ERROR - B³¹d aktualizacji statusu: No module named 'hotkeys'
2025-04-14 19:24:31,619 - hotkey_tester - ERROR - B³¹d aktualizacji statusu: No module named 'hotkeys'
2025-04-14 19:24:31,731 - hotkey_tester - ERROR - B³¹d aktualizacji statusu: No module named 'hotkeys'
2025-04-14 19:24:31,843 - hotkey_tester - ERROR - B³¹d aktualizacji statusu: No module named 'hotkeys'
2025-04-14 19:24:31,954 - hotkey_tester - ERROR - B³¹d aktualizacji statusu: No module named 'hotkeys'
2025-04-14 19:24:32,065 - hotkey_tester - ERROR - B³¹d aktualizacji statusu: No module named 'hotkeys'
2025-04-14 19:24:32,177 - hotkey_tester - ERROR - B³¹d aktualizacji statusu: No module named 'hotkeys'
2025-04-14 19:24:32,272 - hotkey_tester - ERROR - B³¹d aktualizacji statusu: No module named 'hotkeys'
2025-04-14 19:24:32,385 - hotkey_tester - ERROR - B³¹d aktualizacji statusu: No module named 'hotkeys'
2025-04-14 19:24:37,096 - settings - INFO - Zapisano ustawienia do pliku
2025-04-14 19:24:37,097 - settings - INFO - Zapisano ustawienia do pliku
2025-04-14 19:24:37,097 - settings - INFO - Zapisano ustawienia do pliku
2025-04-14 19:24:37,098 - settings - INFO - Zapisano ustawienia do pliku
2025-04-14 19:24:37,098 - settings - INFO - Zapisano ustawienia do pliku
2025-04-14 19:24:37,099 - settings - INFO - Zapisano ustawienia do pliku
2025-04-14 19:24:37,100 - settings - INFO - Zapisano ustawienia do pliku
2025-04-14 19:24:37,100 - settings - INFO - Zapisano ustawienia do pliku
2025-04-14 19:24:37,101 - settings - INFO - Zapisano ustawienia do pliku
2025-04-14 19:24:37,102 - settings - INFO - Zapisano ustawienia do pliku
2025-04-14 19:24:37,102 - settings - INFO - Zapisano ustawienia do pliku
2025-04-14 19:24:37,103 - settings - INFO - Zapisano ustawienia do pliku
2025-04-14 19:24:37,104 - settings - INFO - Zapisano ustawienia do pliku
2025-04-14 19:24:37,105 - settings - INFO - Zapisano ustawienia do pliku
2025-04-14 19:24:37,105 - settings - INFO - Zapisano ustawienia do pliku
2025-04-14 19:24:37,106 - settings - INFO - Zapisano ustawienia do pliku
2025-04-14 19:24:37,107 - settings - INFO - Zapisano ustawienia do pliku
2025-04-14 19:24:37,108 - settings - INFO - Zapisano ustawienia do pliku
2025-04-14 19:24:37,109 - settings - INFO - Zapisano ustawienia do pliku
2025-04-14 19:24:37,109 - settings - INFO - Zapisano ustawienia do pliku
2025-04-14 19:24:37,110 - settings - INFO - Zapisano ustawienia do pliku
2025-04-14 19:24:37,110 - settings - INFO - Zapisano ustawienia do pliku
2025-04-14 19:24:37,111 - settings - INFO - Zapisano ustawienia do pliku
2025-04-14 19:24:42,975 - tray_icon - INFO - Wywo³ano akcjê przechwytywania ekranu
2025-04-14 19:24:42,975 - screenshot - INFO - Uruchamianie procesu przechwytywania ekranu
2025-04-14 19:24:42,976 - screenshot - INFO - Rozpoczêcie przechwytywania ekranu
2025-04-14 19:24:45,773 - screenshot - INFO - Zrzut ekranu zapisany w: C:\Users\fijal\AppData\Local\Temp\screenshot_20250414_192445.png
2025-04-14 19:24:45,773 - screenshot - INFO - Rozpoczêcie przetwarzania zrzutu ekranu: C:\Users\fijal\AppData\Local\Temp\screenshot_20250414_192445.png
2025-04-14 19:24:45,783 - screenshot - INFO - Rozpoczêcie przetwarzania zrzutu ekranu: C:\Users\fijal\AppData\Local\Temp\screenshot_20250414_192445.png
2025-04-14 19:24:45,783 - screenshot - INFO - Przechwytywanie ekranu anulowane
2025-04-14 19:24:45,783 - ocr_engine - INFO - Ustawiono Tesseract OCR: C:\Users\fijal\Desktop\ScreenOCR & Translator\external\Tesseract-OCR\tesseract.exe
2025-04-14 19:24:45,783 - ocr_engine - INFO - Ustawiono TESSDATA_PREFIX: C:\Users\fijal\Desktop\ScreenOCR & Translator\external\Tesseract-OCR\tessdata
2025-04-14 19:24:45,784 - ocr_engine - INFO - Silnik OCR zainicjowany
2025-04-14 19:24:45,784 - translator - INFO - Translator zainicjowany
2025-04-14 19:24:45,784 - ocr_engine - INFO - Przetwarzanie obrazu: C:\Users\fijal\AppData\Local\Temp\screenshot_20250414_192445.png
2025-04-14 19:24:46,218 - ocr_engine - INFO - Rozpoznawanie tekstu zakoñczone
2025-04-14 19:24:46,218 - translator - INFO - T³umaczenie tekstu silnikiem google z en na pl
2025-04-14 19:24:46,341 - screenshot - INFO - Przetwarzanie zrzutu ekranu zakoñczone pomyœlnie
2025-04-14 19:24:46,342 - screenshot - INFO - Wyœwietlanie popup z t³umaczeniem
2025-04-14 19:24:46,358 - popup - INFO - Wyœwietlono popup z t³umaczeniem
2025-04-14 19:24:47,495 - popup - INFO - Zamkniêto popup z t³umaczeniem
2025-04-14 19:34:40,754 - main - INFO - Uruchamianie aplikacji ScreenOCR & Translator
2025-04-14 19:34:40,804 - settings - INFO - Wczytano ustawienia z pliku
2025-04-14 19:34:40,844 - popup - INFO - Popup t³umaczenia zainicjowany
2025-04-14 19:34:40,844 - screenshot - INFO - Narzêdzie zrzutu ekranu zainicjowane
2025-04-14 19:34:40,844 - tray_icon - INFO - Ikona zasobnika systemowego zainicjowana
2025-04-14 19:34:40,846 - main - INFO - Aplikacja uruchomiona pomyœlnie
2025-04-14 19:34:47,833 - tray_icon - INFO - Wyœwietlanie okna ustawieñ
2025-04-14 19:34:51,224 - hotkeys - INFO - Skonfigurowano skrót przechwytywania: Alt+F7
2025-04-14 19:34:51,224 - hotkeys - INFO - Mened¿er skrótów klawiszowych zainicjowany
2025-04-14 19:34:51,323 - hotkeys - INFO - Skonfigurowano skrót przechwytywania: Alt+F7
2025-04-14 19:34:51,323 - hotkeys - INFO - Mened¿er skrótów klawiszowych zainicjowany
2025-04-14 19:34:51,433 - hotkeys - INFO - Skonfigurowano skrót przechwytywania: Alt+F7
2025-04-14 19:34:51,433 - hotkeys - INFO - Mened¿er skrótów klawiszowych zainicjowany
2025-04-14 19:34:51,543 - hotkeys - INFO - Skonfigurowano skrót przechwytywania: Alt+F7
2025-04-14 19:34:51,543 - hotkeys - INFO - Mened¿er skrótów klawiszowych zainicjowany
2025-04-14 19:34:51,655 - hotkeys - INFO - Skonfigurowano skrót przechwytywania: Alt+F7
2025-04-14 19:34:51,655 - hotkeys - INFO - Mened¿er skrótów klawiszowych zainicjowany
2025-04-14 19:34:51,759 - hotkeys - INFO - Skonfigurowano skrót przechwytywania: Alt+F7
2025-04-14 19:34:51,759 - hotkeys - INFO - Mened¿er skrótów klawiszowych zainicjowany
2025-04-14 19:34:51,876 - hotkeys - INFO - Skonfigurowano skrót przechwytywania: Alt+F7
2025-04-14 19:34:51,876 - hotkeys - INFO - Mened¿er skrótów klawiszowych zainicjowany
2025-04-14 19:34:51,988 - hotkeys - INFO - Skonfigurowano skrót przechwytywania: Alt+F7
2025-04-14 19:34:51,988 - hotkeys - INFO - Mened¿er skrótów klawiszowych zainicjowany
2025-04-14 19:34:52,093 - hotkeys - INFO - Skonfigurowano skrót przechwytywania: Alt+F7
2025-04-14 19:34:52,093 - hotkeys - INFO - Mened¿er skrótów klawiszowych zainicjowany
2025-04-14 19:34:52,195 - hotkeys - INFO - Skonfigurowano skrót przechwytywania: Alt+F7
2025-04-14 19:34:52,195 - hotkeys - INFO - Mened¿er skrótów klawiszowych zainicjowany
2025-04-14 19:34:52,306 - hotkeys - INFO - Skonfigurowano skrót przechwytywania: Alt+F7
2025-04-14 19:34:52,306 - hotkeys - INFO - Mened¿er skrótów klawiszowych zainicjowany
2025-04-14 19:34:52,415 - hotkeys - INFO - Skonfigurowano skrót przechwytywania: Alt+F7
2025-04-14 19:34:52,415 - hotkeys - INFO - Mened¿er skrótów klawiszowych zainicjowany
2025-04-14 19:34:52,531 - hotkeys - INFO - Skonfigurowano skrót przechwytywania: Alt+F7
2025-04-14 19:34:52,531 - hotkeys - INFO - Mened¿er skrótów klawiszowych zainicjowany
2025-04-14 19:34:52,643 - hotkeys - INFO - Skonfigurowano skrót przechwytywania: Alt+F7
2025-04-14 19:34:52,643 - hotkeys - INFO - Mened¿er skrótów klawiszowych zainicjowany
2025-04-14 19:34:52,755 - hotkeys - INFO - Skonfigurowano skrót przechwytywania: Alt+F7
2025-04-14 19:34:52,755 - hotkeys - INFO - Mened¿er skrótów klawiszowych zainicjowany
2025-04-14 19:34:52,851 - hotkeys - INFO - Skonfigurowano skrót przechwytywania: Alt+F7
2025-04-14 19:34:52,851 - hotkeys - INFO - Mened¿er skrótów klawiszowych zainicjowany
2025-04-14 19:34:52,963 - hotkeys - INFO - Skonfigurowano skrót przechwytywania: Alt+F7
2025-04-14 19:34:52,963 - hotkeys - INFO - Mened¿er skrótów klawiszowych zainicjowany
2025-04-14 19:34:53,075 - hotkeys - INFO - Skonfigurowano skrót przechwytywania: Alt+F7
2025-04-14 19:34:53,075 - hotkeys - INFO - Mened¿er skrótów klawiszowych zainicjowany
2025-04-14 19:34:53,186 - hotkeys - INFO - Skonfigurowano skrót przechwytywania: Alt+F7
2025-04-14 19:34:53,186 - hotkeys - INFO - Mened¿er skrótów klawiszowych zainicjowany
2025-04-14 19:34:53,296 - hotkeys - INFO - Skonfigurowano skrót przechwytywania: Alt+F7
2025-04-14 19:34:53,297 - hotkeys - INFO - Mened¿er skrótów klawiszowych zainicjowany
2025-04-14 19:34:53,407 - hotkeys - INFO - Skonfigurowano skrót przechwytywania: Alt+F7
2025-04-14 19:34:53,408 - hotkeys - INFO - Mened¿er skrótów klawiszowych zainicjowany
2025-04-14 19:34:53,518 - hotkeys - INFO - Skonfigurowano skrót przechwytywania: Alt+F7
2025-04-14 19:34:53,519 - hotkeys - INFO - Mened¿er skrótów klawiszowych zainicjowany
2025-04-14 19:34:53,629 - hotkeys - INFO - Skonfigurowano skrót przechwytywania: Alt+F7
2025-04-14 19:34:53,629 - hotkeys - INFO - Mened¿er skrótów klawiszowych zainicjowany
2025-04-14 19:34:53,741 - hotkeys - INFO - Skonfigurowano skrót przechwytywania: Alt+F7
2025-04-14 19:34:53,741 - hotkeys - INFO - Mened¿er skrótów klawiszowych zainicjowany
2025-04-14 19:34:53,853 - hotkeys - INFO - Skonfigurowano skrót przechwytywania: Alt+F7
2025-04-14 19:34:53,853 - hotkeys - INFO - Mened¿er skrótów klawiszowych zainicjowany
2025-04-14 19:34:53,965 - hotkeys - INFO - Skonfigurowano skrót przechwytywania: Alt+F7
2025-04-14 19:34:53,965 - hotkeys - INFO - Mened¿er skrótów klawiszowych zainicjowany
2025-04-14 19:34:54,076 - hotkeys - INFO - Skonfigurowano skrót przechwytywania: Alt+F7
2025-04-14 19:34:54,077 - hotkeys - INFO - Mened¿er skrótów klawiszowych zainicjowany
2025-04-14 19:34:54,191 - hotkeys - INFO - Skonfigurowano skrót przechwytywania: Alt+F7
2025-04-14 19:34:54,191 - hotkeys - INFO - Mened¿er skrótów klawiszowych zainicjowany
2025-04-14 19:34:54,303 - hotkeys - INFO - Skonfigurowano skrót przechwytywania: Alt+F7
2025-04-14 19:34:54,303 - hotkeys - INFO - Mened¿er skrótów klawiszowych zainicjowany
2025-04-14 19:34:54,399 - hotkeys - INFO - Skonfigurowano skrót przechwytywania: Alt+F7
2025-04-14 19:34:54,399 - hotkeys - INFO - Mened¿er skrótów klawiszowych zainicjowany
2025-04-14 19:34:54,510 - hotkeys - INFO - Skonfigurowano skrót przechwytywania: Alt+F7
2025-04-14 19:34:54,510 - hotkeys - INFO - Mened¿er skrótów klawiszowych zainicjowany
2025-04-14 19:34:54,621 - hotkeys - INFO - Skonfigurowano skrót przechwytywania: Alt+F7
2025-04-14 19:34:54,621 - hotkeys - INFO - Mened¿er skrótów klawiszowych zainicjowany
2025-04-14 19:34:54,732 - hotkeys - INFO - Skonfigurowano skrót przechwytywania: Alt+F7
2025-04-14 19:34:54,732 - hotkeys - INFO - Mened¿er skrótów klawiszowych zainicjowany
2025-04-14 19:34:54,843 - hotkeys - INFO - Skonfigurowano skrót przechwytywania: Alt+F7
2025-04-14 19:34:54,843 - hotkeys - INFO - Mened¿er skrótów klawiszowych zainicjowany
2025-04-14 19:34:54,958 - hotkeys - INFO - Skonfigurowano skrót przechwytywania: Alt+F7
2025-04-14 19:34:54,958 - hotkeys - INFO - Mened¿er skrótów klawiszowych zainicjowany
2025-04-14 19:34:55,053 - hotkeys - INFO - Skonfigurowano skrót przechwytywania: Alt+F7
2025-04-14 19:34:55,053 - hotkeys - INFO - Mened¿er skrótów klawiszowych zainicjowany
2025-04-14 19:34:55,166 - hotkeys - INFO - Skonfigurowano skrót przechwytywania: Alt+F7
2025-04-14 19:34:55,166 - hotkeys - INFO - Mened¿er skrótów klawiszowych zainicjowany
2025-04-14 19:34:55,277 - hotkeys - INFO - Skonfigurowano skrót przechwytywania: Alt+F7
2025-04-14 19:34:55,277 - hotkeys - INFO - Mened¿er skrótów klawiszowych zainicjowany
2025-04-14 19:34:55,389 - hotkeys - INFO - Skonfigurowano skrót przechwytywania: Alt+F7
2025-04-14 19:34:55,389 - hotkeys - INFO - Mened¿er skrótów klawiszowych zainicjowany
2025-04-14 19:34:55,501 - hotkeys - INFO - Skonfigurowano skrót przechwytywania: Alt+F7
2025-04-14 19:34:55,501 - hotkeys - INFO - Mened¿er skrótów klawiszowych zainicjowany
2025-04-14 19:34:55,612 - hotkeys - INFO - Skonfigurowano skrót przechwytywania: Alt+F7
2025-04-14 19:34:55,612 - hotkeys - INFO - Mened¿er skrótów klawiszowych zainicjowany
2025-04-14 19:34:55,723 - hotkeys - INFO - Skonfigurowano skrót przechwytywania: Alt+F7
2025-04-14 19:34:55,723 - hotkeys - INFO - Mened¿er skrótów klawiszowych zainicjowany
2025-04-14 19:34:55,834 - hotkeys - INFO - Skonfigurowano skrót przechwytywania: Alt+F7
2025-04-14 19:34:55,835 - hotkeys - INFO - Mened¿er skrótów klawiszowych zainicjowany
2025-04-14 19:34:55,933 - hotkeys - INFO - Skonfigurowano skrót przechwytywania: Alt+F7
2025-04-14 19:34:55,933 - hotkeys - INFO - Mened¿er skrótów klawiszowych zainicjowany
2025-04-14 19:34:56,040 - hotkeys - INFO - Skonfigurowano skrót przechwytywania: Alt+F7
2025-04-14 19:34:56,040 - hotkeys - INFO - Mened¿er skrótów klawiszowych zainicjowany
2025-04-14 19:34:56,157 - hotkeys - INFO - Skonfigurowano skrót przechwytywania: Alt+F7
2025-04-14 19:34:56,157 - hotkeys - INFO - Mened¿er skrótów klawiszowych zainicjowany
2025-04-14 19:34:56,268 - hotkeys - INFO - Skonfigurowano skrót przechwytywania: Alt+F7
2025-04-14 19:34:56,268 - hotkeys - INFO - Mened¿er skrótów klawiszowych zainicjowany
2025-04-14 19:34:56,383 - hotkeys - INFO - Skonfigurowano skrót przechwytywania: Alt+F7
2025-04-14 19:34:56,383 - hotkeys - INFO - Mened¿er skrótów klawiszowych zainicjowany
2025-04-14 19:34:56,493 - hotkeys - INFO - Skonfigurowano skrót przechwytywania: Alt+F7
2025-04-14 19:34:56,493 - hotkeys - INFO - Mened¿er skrótów klawiszowych zainicjowany
2025-04-14 19:34:56,603 - hotkeys - INFO - Skonfigurowano skrót przechwytywania: Alt+F7
2025-04-14 19:34:56,603 - hotkeys - INFO - Mened¿er skrótów klawiszowych zainicjowany
2025-04-14 19:34:56,715 - hotkeys - INFO - Skonfigurowano skrót przechwytywania: Alt+F7
2025-04-14 19:34:56,715 - hotkeys - INFO - Mened¿er skrótów klawiszowych zainicjowany
2025-04-14 19:34:56,823 - hotkeys - INFO - Skonfigurowano skrót przechwytywania: Alt+F7
2025-04-14 19:34:56,823 - hotkeys - INFO - Mened¿er skrótów klawiszowych zainicjowany
2025-04-14 19:34:56,938 - hotkeys - INFO - Skonfigurowano skrót przechwytywania: Alt+F7
2025-04-14 19:34:56,938 - hotkeys - INFO - Mened¿er skrótów klawiszowych zainicjowany
2025-04-14 19:34:57,044 - hotkeys - INFO - Skonfigurowano skrót przechwytywania: Alt+F7
2025-04-14 19:34:57,044 - hotkeys - INFO - Mened¿er skrótów klawiszowych zainicjowany
2025-04-14 19:34:57,151 - hotkeys - INFO - Skonfigurowano skrót przechwytywania: Alt+F7
2025-04-14 19:34:57,151 - hotkeys - INFO - Mened¿er skrótów klawiszowych zainicjowany
2025-04-14 19:34:57,258 - hotkeys - INFO - Skonfigurowano skrót przechwytywania: Alt+F7
2025-04-14 19:34:57,258 - hotkeys - INFO - Mened¿er skrótów klawiszowych zainicjowany
2025-04-14 19:34:57,378 - hotkeys - INFO - Skonfigurowano skrót przechwytywania: Alt+F7
2025-04-14 19:34:57,378 - hotkeys - INFO - Mened¿er skrótów klawiszowych zainicjowany
2025-04-14 19:34:57,484 - hotkeys - INFO - Skonfigurowano skrót przechwytywania: Alt+F7
2025-04-14 19:34:57,484 - hotkeys - INFO - Mened¿er skrótów klawiszowych zainicjowany
2025-04-14 19:34:59,801 - settings - INFO - Zapisano ustawienia do pliku
2025-04-14 19:34:59,801 - settings - INFO - Zapisano ustawienia do pliku
2025-04-14 19:34:59,802 - settings - INFO - Zapisano ustawienia do pliku
2025-04-14 19:34:59,803 - settings - INFO - Zapisano ustawienia do pliku
2025-04-14 19:34:59,803 - settings - INFO - Zapisano ustawienia do pliku
2025-04-14 19:34:59,804 - settings - INFO - Zapisano ustawienia do pliku
2025-04-14 19:34:59,805 - settings - INFO - Zapisano ustawienia do pliku
2025-04-14 19:34:59,805 - settings - INFO - Zapisano ustawienia do pliku
2025-04-14 19:34:59,806 - settings - INFO - Zapisano ustawienia do pliku
2025-04-14 19:34:59,807 - settings - INFO - Zapisano ustawienia do pliku
2025-04-14 19:34:59,807 - settings - INFO - Zapisano ustawienia do pliku
2025-04-14 19:34:59,808 - settings - INFO - Zapisano ustawienia do pliku
2025-04-14 19:34:59,809 - settings - INFO - Zapisano ustawienia do pliku
2025-04-14 19:34:59,809 - settings - INFO - Zapisano ustawienia do pliku
2025-04-14 19:34:59,810 - settings - INFO - Zapisano ustawienia do pliku
2025-04-14 19:34:59,810 - settings - INFO - Zapisano ustawienia do pliku
2025-04-14 19:34:59,811 - settings - INFO - Zapisano ustawienia do pliku
2025-04-14 19:34:59,812 - settings - INFO - Zapisano ustawienia do pliku
2025-04-14 19:34:59,812 - settings - INFO - Zapisano ustawienia do pliku
2025-04-14 19:34:59,813 - settings - INFO - Zapisano ustawienia do pliku
2025-04-14 19:34:59,813 - settings - INFO - Zapisano ustawienia do pliku
2025-04-14 19:34:59,814 - settings - INFO - Zapisano ustawienia do pliku
2025-04-14 19:34:59,815 - settings - INFO - Zapisano ustawienia do pliku
2025-04-14 19:35:14,888 - tray_icon - INFO - Wywo³ano akcjê przechwytywania ekranu
2025-04-14 19:35:14,888 - screenshot - INFO - Uruchamianie procesu przechwytywania ekranu
2025-04-14 19:35:14,889 - screenshot - INFO - Rozpoczêcie przechwytywania ekranu
2025-04-14 19:35:18,891 - screenshot - INFO - Zrzut ekranu zapisany w: C:\Users\fijal\AppData\Local\Temp\screenshot_20250414_193518.png
2025-04-14 19:35:18,892 - screenshot - INFO - Rozpoczêcie przetwarzania zrzutu ekranu: C:\Users\fijal\AppData\Local\Temp\screenshot_20250414_193518.png
2025-04-14 19:35:18,900 - screenshot - INFO - Przechwytywanie ekranu anulowane
2025-04-14 19:35:18,900 - screenshot - INFO - Rozpoczêcie przetwarzania zrzutu ekranu: C:\Users\fijal\AppData\Local\Temp\screenshot_20250414_193518.png
2025-04-14 19:35:18,900 - ocr_engine - INFO - Ustawiono Tesseract OCR: C:\Users\fijal\Desktop\ScreenOCR & Translator\external\Tesseract-OCR\tesseract.exe
2025-04-14 19:35:18,900 - ocr_engine - INFO - Ustawiono TESSDATA_PREFIX: C:\Users\fijal\Desktop\ScreenOCR & Translator\external\Tesseract-OCR\tessdata
2025-04-14 19:35:18,900 - ocr_engine - INFO - Silnik OCR zainicjowany
2025-04-14 19:35:18,901 - translator - INFO - Translator zainicjowany
2025-04-14 19:35:18,901 - ocr_engine - INFO - Przetwarzanie obrazu: C:\Users\fijal\AppData\Local\Temp\screenshot_20250414_193518.png
2025-04-14 19:35:19,101 - ocr_engine - INFO - Rozpoznawanie tekstu zakoñczone
2025-04-14 19:35:19,101 - translator - INFO - T³umaczenie tekstu silnikiem google z en na pl
2025-04-14 19:35:19,206 - screenshot - INFO - Przetwarzanie zrzutu ekranu zakoñczone pomyœlnie
2025-04-14 19:35:19,206 - screenshot - INFO - Wyœwietlanie popup z t³umaczeniem
2025-04-14 19:35:19,220 - popup - INFO - Wyœwietlono popup z t³umaczeniem
2025-04-14 19:35:22,703 - popup - INFO - Zamkniêto popup z t³umaczeniem
2025-04-14 19:39:21,869 - main - INFO - Uruchamianie aplikacji ScreenOCR & Translator
2025-04-14 19:39:21,913 - settings - INFO - Wczytano ustawienia z pliku
2025-04-14 19:39:21,954 - popup - INFO - Popup t³umaczenia zainicjowany
2025-04-14 19:39:21,954 - screenshot - INFO - Narzêdzie zrzutu ekranu zainicjowane
2025-04-14 19:39:21,954 - tray_icon - INFO - Ikona zasobnika systemowego zainicjowana
2025-04-14 19:39:21,956 - hotkeys - INFO - Skonfigurowano skrót przechwytywania: Alt+F7
2025-04-14 19:39:21,956 - hotkeys - INFO - Mened¿er skrótów klawiszowych zainicjowany
2025-04-14 19:39:21,976 - hotkeys - INFO - Uruchomiono nas³uchiwanie skrótów klawiszowych
2025-04-14 19:39:21,976 - main - INFO - Aplikacja uruchomiona pomyœlnie
2025-04-14 19:39:21,976 - main - INFO - Nas³uchiwanie skrótu przechwytywania: Alt+F7
2025-04-14 19:39:32,808 - tray_icon - INFO - Wyœwietlanie okna ustawieñ
2025-04-14 19:39:35,999 - hotkeys - INFO - Skonfigurowano skrót przechwytywania: Alt+F7
2025-04-14 19:39:35,999 - hotkeys - INFO - Mened¿er skrótów klawiszowych zainicjowany
2025-04-14 19:39:36,103 - hotkeys - INFO - Skonfigurowano skrót przechwytywania: Alt+F7
2025-04-14 19:39:36,103 - hotkeys - INFO - Mened¿er skrótów klawiszowych zainicjowany
2025-04-14 19:39:36,211 - hotkeys - INFO - Skonfigurowano skrót przechwytywania: Alt+F7
2025-04-14 19:39:36,211 - hotkeys - INFO - Mened¿er skrótów klawiszowych zainicjowany
2025-04-14 19:39:36,322 - hotkeys - INFO - Skonfigurowano skrót przechwytywania: Alt+F7
2025-04-14 19:39:36,322 - hotkeys - INFO - Mened¿er skrótów klawiszowych zainicjowany
2025-04-14 19:39:36,432 - hotkeys - INFO - Skonfigurowano skrót przechwytywania: Alt+F7
2025-04-14 19:39:36,432 - hotkeys - INFO - Mened¿er skrótów klawiszowych zainicjowany
2025-04-14 19:39:36,541 - hotkeys - INFO - Skonfigurowano skrót przechwytywania: Alt+F7
2025-04-14 19:39:36,541 - hotkeys - INFO - Mened¿er skrótów klawiszowych zainicjowany
2025-04-14 19:39:36,656 - hotkeys - INFO - Skonfigurowano skrót przechwytywania: Alt+F7
2025-04-14 19:39:36,656 - hotkeys - INFO - Mened¿er skrótów klawiszowych zainicjowany
2025-04-14 19:39:36,767 - hotkeys - INFO - Skonfigurowano skrót przechwytywania: Alt+F7
2025-04-14 19:39:36,767 - hotkeys - INFO - Mened¿er skrótów klawiszowych zainicjowany
2025-04-14 19:39:36,877 - hotkeys - INFO - Skonfigurowano skrót przechwytywania: Alt+F7
2025-04-14 19:39:36,877 - hotkeys - INFO - Mened¿er skrótów klawiszowych zainicjowany
2025-04-14 19:39:36,984 - hotkeys - INFO - Skonfigurowano skrót przechwytywania: Alt+F7
2025-04-14 19:39:36,984 - hotkeys - INFO - Mened¿er skrótów klawiszowych zainicjowany
2025-04-14 19:39:37,094 - hotkeys - INFO - Skonfigurowano skrót przechwytywania: Alt+F7
2025-04-14 19:39:37,094 - hotkeys - INFO - Mened¿er skrótów klawiszowych zainicjowany
2025-04-14 19:39:37,209 - hotkeys - INFO - Skonfigurowano skrót przechwytywania: Alt+F7
2025-04-14 19:39:37,209 - hotkeys - INFO - Mened¿er skrótów klawiszowych zainicjowany
2025-04-14 19:39:37,304 - hotkeys - INFO - Skonfigurowano skrót przechwytywania: Alt+F7
2025-04-14 19:39:37,304 - hotkeys - INFO - Mened¿er skrótów klawiszowych zainicjowany
2025-04-14 19:39:37,415 - hotkeys - INFO - Skonfigurowano skrót przechwytywania: Alt+F7
2025-04-14 19:39:37,415 - hotkeys - INFO - Mened¿er skrótów klawiszowych zainicjowany
2025-04-14 19:39:37,526 - hotkeys - INFO - Skonfigurowano skrót przechwytywania: Alt+F7
2025-04-14 19:39:37,526 - hotkeys - INFO - Mened¿er skrótów klawiszowych zainicjowany
2025-04-14 19:39:37,637 - hotkeys - INFO - Skonfigurowano skrót przechwytywania: Alt+F7
2025-04-14 19:39:37,637 - hotkeys - INFO - Mened¿er skrótów klawiszowych zainicjowany
2025-04-14 19:39:37,978 - hotkeys - INFO - Skonfigurowano skrót przechwytywania: Alt+F7
2025-04-14 19:39:37,978 - hotkeys - INFO - Mened¿er skrótów klawiszowych zainicjowany
2025-04-14 19:39:38,284 - hotkeys - INFO - Skonfigurowano skrót przechwytywania: Alt+F7
2025-04-14 19:39:38,284 - hotkeys - INFO - Mened¿er skrótów klawiszowych zainicjowany
2025-04-14 19:39:38,600 - hotkeys - INFO - Skonfigurowano skrót przechwytywania: Alt+F7
2025-04-14 19:39:38,600 - hotkeys - INFO - Mened¿er skrótów klawiszowych zainicjowany
2025-04-14 19:39:38,908 - hotkeys - INFO - Skonfigurowano skrót przechwytywania: Alt+F7
2025-04-14 19:39:38,908 - hotkeys - INFO - Mened¿er skrótów klawiszowych zainicjowany
2025-04-14 19:39:39,210 - hotkeys - INFO - Skonfigurowano skrót przechwytywania: Alt+F7
2025-04-14 19:39:39,210 - hotkeys - INFO - Mened¿er skrótów klawiszowych zainicjowany
2025-04-14 19:39:39,607 - hotkeys - INFO - Skonfigurowano skrót przechwytywania: Alt+F7
2025-04-14 19:39:39,607 - hotkeys - INFO - Mened¿er skrótów klawiszowych zainicjowany
2025-04-14 19:39:40,513 - hotkeys - INFO - Skonfigurowano skrót przechwytywania: Alt+F7
2025-04-14 19:39:40,513 - hotkeys - INFO - Mened¿er skrótów klawiszowych zainicjowany
2025-04-14 19:39:41,425 - hotkeys - INFO - Skonfigurowano skrót przechwytywania: Alt+F7
2025-04-14 19:39:41,425 - hotkeys - INFO - Mened¿er skrótów klawiszowych zainicjowany
2025-04-14 19:39:41,726 - hotkeys - INFO - Skonfigurowano skrót przechwytywania: Alt+F7
2025-04-14 19:39:41,726 - hotkeys - INFO - Mened¿er skrótów klawiszowych zainicjowany
2025-04-14 19:39:41,820 - hotkeys - INFO - Skonfigurowano skrót przechwytywania: Alt+F7
2025-04-14 19:39:41,820 - hotkeys - INFO - Mened¿er skrótów klawiszowych zainicjowany
2025-04-14 19:39:41,931 - hotkeys - INFO - Skonfigurowano skrót przechwytywania: Alt+F7
2025-04-14 19:39:41,931 - hotkeys - INFO - Mened¿er skrótów klawiszowych zainicjowany
2025-04-14 19:39:42,043 - hotkeys - INFO - Skonfigurowano skrót przechwytywania: Alt+F7
2025-04-14 19:39:42,043 - hotkeys - INFO - Mened¿er skrótów klawiszowych zainicjowany
2025-04-14 19:39:42,153 - hotkeys - INFO - Skonfigurowano skrót przechwytywania: Alt+F7
2025-04-14 19:39:42,153 - hotkeys - INFO - Mened¿er skrótów klawiszowych zainicjowany
2025-04-14 19:39:42,264 - hotkeys - INFO - Skonfigurowano skrót przechwytywania: Alt+F7
2025-04-14 19:39:42,264 - hotkeys - INFO - Mened¿er skrótów klawiszowych zainicjowany
2025-04-14 19:39:42,375 - hotkeys - INFO - Skonfigurowano skrót przechwytywania: Alt+F7
2025-04-14 19:39:42,375 - hotkeys - INFO - Mened¿er skrótów klawiszowych zainicjowany
2025-04-14 19:39:42,486 - hotkeys - INFO - Skonfigurowano skrót przechwytywania: Alt+F7
2025-04-14 19:39:42,486 - hotkeys - INFO - Mened¿er skrótów klawiszowych zainicjowany
2025-04-14 19:39:42,597 - hotkeys - INFO - Skonfigurowano skrót przechwytywania: Alt+F7
2025-04-14 19:39:42,597 - hotkeys - INFO - Mened¿er skrótów klawiszowych zainicjowany
2025-04-14 19:39:42,708 - hotkeys - INFO - Skonfigurowano skrót przechwytywania: Alt+F7
2025-04-14 19:39:42,708 - hotkeys - INFO - Mened¿er skrótów klawiszowych zainicjowany
2025-04-14 19:39:42,819 - hotkeys - INFO - Skonfigurowano skrót przechwytywania: Alt+F7
2025-04-14 19:39:42,819 - hotkeys - INFO - Mened¿er skrótów klawiszowych zainicjowany
2025-04-14 19:39:42,930 - hotkeys - INFO - Skonfigurowano skrót przechwytywania: Alt+F7
2025-04-14 19:39:42,930 - hotkeys - INFO - Mened¿er skrótów klawiszowych zainicjowany
2025-04-14 19:39:43,041 - hotkeys - INFO - Skonfigurowano skrót przechwytywania: Alt+F7
2025-04-14 19:39:43,041 - hotkeys - INFO - Mened¿er skrótów klawiszowych zainicjowany
2025-04-14 19:39:43,152 - hotkeys - INFO - Skonfigurowano skrót przechwytywania: Alt+F7
2025-04-14 19:39:43,152 - hotkeys - INFO - Mened¿er skrótów klawiszowych zainicjowany
2025-04-14 19:39:43,263 - hotkeys - INFO - Skonfigurowano skrót przechwytywania: Alt+F7
2025-04-14 19:39:43,263 - hotkeys - INFO - Mened¿er skrótów klawiszowych zainicjowany
2025-04-14 19:39:43,373 - hotkeys - INFO - Skonfigurowano skrót przechwytywania: Alt+F7
2025-04-14 19:39:43,374 - hotkeys - INFO - Mened¿er skrótów klawiszowych zainicjowany
2025-04-14 19:39:43,479 - hotkeys - INFO - Skonfigurowano skrót przechwytywania: Alt+F7
2025-04-14 19:39:43,479 - hotkeys - INFO - Mened¿er skrótów klawiszowych zainicjowany
2025-04-14 19:39:43,591 - hotkeys - INFO - Skonfigurowano skrót przechwytywania: Alt+F7
2025-04-14 19:39:43,591 - hotkeys - INFO - Mened¿er skrótów klawiszowych zainicjowany
2025-04-14 19:39:43,695 - hotkeys - INFO - Skonfigurowano skrót przechwytywania: Alt+F7
2025-04-14 19:39:43,695 - hotkeys - INFO - Mened¿er skrótów klawiszowych zainicjowany
2025-04-14 19:39:43,817 - hotkeys - INFO - Skonfigurowano skrót przechwytywania: Alt+F7
2025-04-14 19:39:43,817 - hotkeys - INFO - Mened¿er skrótów klawiszowych zainicjowany
2025-04-14 19:39:43,928 - hotkeys - INFO - Skonfigurowano skrót przechwytywania: Alt+F7
2025-04-14 19:39:43,928 - hotkeys - INFO - Mened¿er skrótów klawiszowych zainicjowany
2025-04-14 19:39:44,022 - hotkeys - INFO - Skonfigurowano skrót przechwytywania: Alt+F7
2025-04-14 19:39:44,023 - hotkeys - INFO - Mened¿er skrótów klawiszowych zainicjowany
2025-04-14 19:39:44,133 - hotkeys - INFO - Skonfigurowano skrót przechwytywania: Alt+F7
2025-04-14 19:39:44,133 - hotkeys - INFO - Mened¿er skrótów klawiszowych zainicjowany
2025-04-14 19:39:44,245 - hotkeys - INFO - Skonfigurowano skrót przechwytywania: Alt+F7
2025-04-14 19:39:44,245 - hotkeys - INFO - Mened¿er skrótów klawiszowych zainicjowany
2025-04-14 19:39:44,356 - hotkeys - INFO - Skonfigurowano skrót przechwytywania: Alt+F7
2025-04-14 19:39:44,356 - hotkeys - INFO - Mened¿er skrótów klawiszowych zainicjowany
2025-04-14 19:39:44,467 - hotkeys - INFO - Skonfigurowano skrót przechwytywania: Alt+F7
2025-04-14 19:39:44,467 - hotkeys - INFO - Mened¿er skrótów klawiszowych zainicjowany
2025-04-14 19:39:44,581 - hotkeys - INFO - Skonfigurowano skrót przechwytywania: Alt+F7
2025-04-14 19:39:44,581 - hotkeys - INFO - Mened¿er skrótów klawiszowych zainicjowany
2025-04-14 19:39:44,692 - hotkeys - INFO - Skonfigurowano skrót przechwytywania: Alt+F7
2025-04-14 19:39:44,692 - hotkeys - INFO - Mened¿er skrótów klawiszowych zainicjowany
2025-04-14 19:39:44,788 - hotkeys - INFO - Skonfigurowano skrót przechwytywania: Alt+F7
2025-04-14 19:39:44,788 - hotkeys - INFO - Mened¿er skrótów klawiszowych zainicjowany
2025-04-14 19:39:44,899 - hotkeys - INFO - Skonfigurowano skrót przechwytywania: Alt+F7
2025-04-14 19:39:44,899 - hotkeys - INFO - Mened¿er skrótów klawiszowych zainicjowany
2025-04-14 19:39:45,010 - hotkeys - INFO - Skonfigurowano skrót przechwytywania: Alt+F7
2025-04-14 19:39:45,010 - hotkeys - INFO - Mened¿er skrótów klawiszowych zainicjowany
2025-04-14 19:39:45,122 - hotkeys - INFO - Skonfigurowano skrót przechwytywania: Alt+F7
2025-04-14 19:39:45,122 - hotkeys - INFO - Mened¿er skrótów klawiszowych zainicjowany
2025-04-14 19:39:45,233 - hotkeys - INFO - Skonfigurowano skrót przechwytywania: Alt+F7
2025-04-14 19:39:45,233 - hotkeys - INFO - Mened¿er skrótów klawiszowych zainicjowany
2025-04-14 19:39:45,344 - hotkeys - INFO - Skonfigurowano skrót przechwytywania: Alt+F7
2025-04-14 19:39:45,344 - hotkeys - INFO - Mened¿er skrótów klawiszowych zainicjowany
2025-04-14 19:39:45,456 - hotkeys - INFO - Skonfigurowano skrót przechwytywania: Alt+F7
2025-04-14 19:39:45,456 - hotkeys - INFO - Mened¿er skrótów klawiszowych zainicjowany
2025-04-14 19:39:45,568 - hotkeys - INFO - Skonfigurowano skrót przechwytywania: Alt+F7
2025-04-14 19:39:45,568 - hotkeys - INFO - Mened¿er skrótów klawiszowych zainicjowany
2025-04-14 19:39:45,663 - hotkeys - INFO - Skonfigurowano skrót przechwytywania: Alt+F7
2025-04-14 19:39:45,663 - hotkeys - INFO - Mened¿er skrótów klawiszowych zainicjowany
2025-04-14 19:39:45,774 - hotkeys - INFO - Skonfigurowano skrót przechwytywania: Alt+F7
2025-04-14 19:39:45,774 - hotkeys - INFO - Mened¿er skrótów klawiszowych zainicjowany
2025-04-14 19:39:45,885 - hotkeys - INFO - Skonfigurowano skrót przechwytywania: Alt+F7
2025-04-14 19:39:45,885 - hotkeys - INFO - Mened¿er skrótów klawiszowych zainicjowany
2025-04-14 19:39:45,996 - hotkeys - INFO - Skonfigurowano skrót przechwytywania: Alt+F7
2025-04-14 19:39:45,996 - hotkeys - INFO - Mened¿er skrótów klawiszowych zainicjowany
2025-04-14 19:39:46,103 - hotkeys - INFO - Skonfigurowano skrót przechwytywania: Alt+F7
2025-04-14 19:39:46,103 - hotkeys - INFO - Mened¿er skrótów klawiszowych zainicjowany
2025-04-14 19:39:46,217 - hotkeys - INFO - Skonfigurowano skrót przechwytywania: Alt+F7
2025-04-14 19:39:46,217 - hotkeys - INFO - Mened¿er skrótów klawiszowych zainicjowany
2025-04-14 19:39:46,327 - hotkeys - INFO - Skonfigurowano skrót przechwytywania: Alt+F7
2025-04-14 19:39:46,327 - hotkeys - INFO - Mened¿er skrótów klawiszowych zainicjowany
2025-04-14 19:39:46,439 - hotkeys - INFO - Skonfigurowano skrót przechwytywania: Alt+F7
2025-04-14 19:39:46,439 - hotkeys - INFO - Mened¿er skrótów klawiszowych zainicjowany
2025-04-14 19:39:46,544 - hotkeys - INFO - Skonfigurowano skrót przechwytywania: Alt+F7
2025-04-14 19:39:46,544 - hotkeys - INFO - Mened¿er skrótów klawiszowych zainicjowany
2025-04-14 19:39:46,660 - hotkeys - INFO - Skonfigurowano skrót przechwytywania: Alt+F7
2025-04-14 19:39:46,660 - hotkeys - INFO - Mened¿er skrótów klawiszowych zainicjowany
2025-04-14 19:39:46,759 - hotkeys - INFO - Skonfigurowano skrót przechwytywania: Alt+F7
2025-04-14 19:39:46,759 - hotkeys - INFO - Mened¿er skrótów klawiszowych zainicjowany
2025-04-14 19:39:46,871 - hotkeys - INFO - Skonfigurowano skrót przechwytywania: Alt+F7
2025-04-14 19:39:46,871 - hotkeys - INFO - Mened¿er skrótów klawiszowych zainicjowany
2025-04-14 19:39:46,981 - hotkeys - INFO - Skonfigurowano skrót przechwytywania: Alt+F7
2025-04-14 19:39:46,981 - hotkeys - INFO - Mened¿er skrótów klawiszowych zainicjowany
2025-04-14 19:39:47,091 - hotkeys - INFO - Skonfigurowano skrót przechwytywania: Alt+F7
2025-04-14 19:39:47,091 - hotkeys - INFO - Mened¿er skrótów klawiszowych zainicjowany
2025-04-14 19:39:47,203 - hotkeys - INFO - Skonfigurowano skrót przechwytywania: Alt+F7
2025-04-14 19:39:47,203 - hotkeys - INFO - Mened¿er skrótów klawiszowych zainicjowany
2025-04-14 19:39:47,318 - hotkeys - INFO - Skonfigurowano skrót przechwytywania: Alt+F7
2025-04-14 19:39:47,318 - hotkeys - INFO - Mened¿er skrótów klawiszowych zainicjowany
2025-04-14 19:39:47,413 - hotkeys - INFO - Skonfigurowano skrót przechwytywania: Alt+F7
2025-04-14 19:39:47,414 - hotkeys - INFO - Mened¿er skrótów klawiszowych zainicjowany
2025-04-14 19:39:53,137 - settings - INFO - Zapisano ustawienia do pliku
2025-04-14 19:39:53,138 - settings - INFO - Zapisano ustawienia do pliku
2025-04-14 19:39:53,139 - settings - INFO - Zapisano ustawienia do pliku
2025-04-14 19:39:53,139 - settings - INFO - Zapisano ustawienia do pliku
2025-04-14 19:39:53,140 - settings - INFO - Zapisano ustawienia do pliku
2025-04-14 19:39:53,141 - settings - INFO - Zapisano ustawienia do pliku
2025-04-14 19:39:53,141 - settings - INFO - Zapisano ustawienia do pliku
2025-04-14 19:39:53,142 - settings - INFO - Zapisano ustawienia do pliku
2025-04-14 19:39:53,142 - settings - INFO - Zapisano ustawienia do pliku
2025-04-14 19:39:53,143 - settings - INFO - Zapisano ustawienia do pliku
2025-04-14 19:39:53,144 - settings - INFO - Zapisano ustawienia do pliku
2025-04-14 19:39:53,144 - settings - INFO - Zapisano ustawienia do pliku
2025-04-14 19:39:53,145 - settings - INFO - Zapisano ustawienia do pliku
2025-04-14 19:39:53,146 - settings - INFO - Zapisano ustawienia do pliku
2025-04-14 19:39:53,146 - settings - INFO - Zapisano ustawienia do pliku
2025-04-14 19:39:53,147 - settings - INFO - Zapisano ustawienia do pliku
2025-04-14 19:39:53,147 - settings - INFO - Zapisano ustawienia do pliku
2025-04-14 19:39:53,148 - settings - INFO - Zapisano ustawienia do pliku
2025-04-14 19:39:53,149 - settings - INFO - Zapisano ustawienia do pliku
2025-04-14 19:39:53,149 - settings - INFO - Zapisano ustawienia do pliku
2025-04-14 19:39:53,150 - settings - INFO - Zapisano ustawienia do pliku
2025-04-14 19:39:53,151 - settings - INFO - Zapisano ustawienia do pliku
2025-04-14 19:39:53,151 - settings - INFO - Zapisano ustawienia do pliku
2025-04-14 19:40:14,664 - tray_icon - INFO - Wyœwietlanie okna ustawieñ
2025-04-14 19:43:51,453 - main - INFO - Uruchamianie aplikacji ScreenOCR & Translator
2025-04-14 19:43:51,495 - settings - INFO - Wczytano ustawienia z pliku
2025-04-14 19:43:51,536 - popup - INFO - Popup t³umaczenia zainicjowany
2025-04-14 19:43:51,536 - screenshot - INFO - Narzêdzie zrzutu ekranu zainicjowane
2025-04-14 19:43:51,536 - tray_icon - INFO - Ikona zasobnika systemowego zainicjowana
2025-04-14 19:43:51,538 - hotkeys - INFO - Skonfigurowano skrót przechwytywania: Alt+F7
2025-04-14 19:43:51,538 - hotkeys - INFO - Mened¿er skrótów klawiszowych zainicjowany
2025-04-14 19:43:51,559 - hotkeys - INFO - Uruchomiono nas³uchiwanie skrótów klawiszowych
2025-04-14 19:43:51,560 - main - INFO - Aplikacja uruchomiona pomyœlnie
2025-04-14 19:43:51,560 - main - INFO - Nas³uchiwanie skrótu przechwytywania: Alt+F7
2025-04-14 19:44:08,329 - tray_icon - INFO - Wyœwietlanie okna ustawieñ
2025-04-14 19:44:11,305 - hotkeys - DEBUG - Sparsowany skrót Alt+F7 do: Key.alt, Key.f7
2025-04-14 19:44:11,306 - hotkeys - INFO - Skonfigurowano skrót przechwytywania: Alt+F7
2025-04-14 19:44:11,306 - hotkeys - INFO - Mened¿er skrótów klawiszowych zainicjowany
2025-04-14 19:44:11,414 - hotkeys - DEBUG - Sparsowany skrót Alt+F7 do: Key.alt, Key.f7
2025-04-14 19:44:11,414 - hotkeys - INFO - Skonfigurowano skrót przechwytywania: Alt+F7
2025-04-14 19:44:11,414 - hotkeys - INFO - Mened¿er skrótów klawiszowych zainicjowany
2025-04-14 19:44:11,527 - hotkeys - DEBUG - Sparsowany skrót Alt+F7 do: Key.alt, Key.f7
2025-04-14 19:44:11,528 - hotkeys - INFO - Skonfigurowano skrót przechwytywania: Alt+F7
2025-04-14 19:44:11,528 - hotkeys - INFO - Mened¿er skrótów klawiszowych zainicjowany
2025-04-14 19:44:11,640 - hotkeys - DEBUG - Sparsowany skrót Alt+F7 do: Key.alt, Key.f7
2025-04-14 19:44:11,640 - hotkeys - INFO - Skonfigurowano skrót przechwytywania: Alt+F7
2025-04-14 19:44:11,640 - hotkeys - INFO - Mened¿er skrótów klawiszowych zainicjowany
2025-04-14 19:44:11,743 - hotkeys - DEBUG - Sparsowany skrót Alt+F7 do: Key.alt, Key.f7
2025-04-14 19:44:11,744 - hotkeys - INFO - Skonfigurowano skrót przechwytywania: Alt+F7
2025-04-14 19:44:11,744 - hotkeys - INFO - Mened¿er skrótów klawiszowych zainicjowany
2025-04-14 19:44:11,859 - hotkeys - DEBUG - Sparsowany skrót Alt+F7 do: Key.alt, Key.f7
2025-04-14 19:44:11,859 - hotkeys - INFO - Skonfigurowano skrót przechwytywania: Alt+F7
2025-04-14 19:44:11,859 - hotkeys - INFO - Mened¿er skrótów klawiszowych zainicjowany
2025-04-14 19:44:11,967 - hotkeys - DEBUG - Sparsowany skrót Alt+F7 do: Key.alt, Key.f7
2025-04-14 19:44:11,968 - hotkeys - INFO - Skonfigurowano skrót przechwytywania: Alt+F7
2025-04-14 19:44:11,968 - hotkeys - INFO - Mened¿er skrótów klawiszowych zainicjowany
2025-04-14 19:44:12,076 - hotkeys - DEBUG - Sparsowany skrót Alt+F7 do: Key.alt, Key.f7
2025-04-14 19:44:12,076 - hotkeys - INFO - Skonfigurowano skrót przechwytywania: Alt+F7
2025-04-14 19:44:12,076 - hotkeys - INFO - Mened¿er skrótów klawiszowych zainicjowany
2025-04-14 19:44:12,184 - hotkeys - DEBUG - Sparsowany skrót Alt+F7 do: Key.alt, Key.f7
2025-04-14 19:44:12,184 - hotkeys - INFO - Skonfigurowano skrót przechwytywania: Alt+F7
2025-04-14 19:44:12,184 - hotkeys - INFO - Mened¿er skrótów klawiszowych zainicjowany
2025-04-14 19:44:12,293 - hotkeys - DEBUG - Sparsowany skrót Alt+F7 do: Key.alt, Key.f7
2025-04-14 19:44:12,293 - hotkeys - INFO - Skonfigurowano skrót przechwytywania: Alt+F7
2025-04-14 19:44:12,293 - hotkeys - INFO - Mened¿er skrótów klawiszowych zainicjowany
2025-04-14 19:44:12,400 - hotkeys - DEBUG - Sparsowany skrót Alt+F7 do: Key.alt, Key.f7
2025-04-14 19:44:12,400 - hotkeys - INFO - Skonfigurowano skrót przechwytywania: Alt+F7
2025-04-14 19:44:12,400 - hotkeys - INFO - Mened¿er skrótów klawiszowych zainicjowany
2025-04-14 19:44:12,521 - hotkeys - DEBUG - Sparsowany skrót Alt+F7 do: Key.alt, Key.f7
2025-04-14 19:44:12,521 - hotkeys - INFO - Skonfigurowano skrót przechwytywania: Alt+F7
2025-04-14 19:44:12,521 - hotkeys - INFO - Mened¿er skrótów klawiszowych zainicjowany
2025-04-14 19:44:12,628 - hotkeys - DEBUG - Sparsowany skrót Alt+F7 do: Key.alt, Key.f7
2025-04-14 19:44:12,629 - hotkeys - INFO - Skonfigurowano skrót przechwytywania: Alt+F7
2025-04-14 19:44:12,629 - hotkeys - INFO - Mened¿er skrótów klawiszowych zainicjowany
2025-04-14 19:44:12,736 - hotkeys - DEBUG - Sparsowany skrót Alt+F7 do: Key.alt, Key.f7
2025-04-14 19:44:12,737 - hotkeys - INFO - Skonfigurowano skrót przechwytywania: Alt+F7
2025-04-14 19:44:12,737 - hotkeys - INFO - Mened¿er skrótów klawiszowych zainicjowany
2025-04-14 19:44:12,843 - hotkeys - DEBUG - Sparsowany skrót Alt+F7 do: Key.alt, Key.f7
2025-04-14 19:44:12,844 - hotkeys - INFO - Skonfigurowano skrót przechwytywania: Alt+F7
2025-04-14 19:44:12,844 - hotkeys - INFO - Mened¿er skrótów klawiszowych zainicjowany
2025-04-14 19:44:12,951 - hotkeys - DEBUG - Sparsowany skrót Alt+F7 do: Key.alt, Key.f7
2025-04-14 19:44:12,951 - hotkeys - INFO - Skonfigurowano skrót przechwytywania: Alt+F7
2025-04-14 19:44:12,952 - hotkeys - INFO - Mened¿er skrótów klawiszowych zainicjowany
2025-04-14 19:44:13,059 - hotkeys - DEBUG - Sparsowany skrót Alt+F7 do: Key.alt, Key.f7
2025-04-14 19:44:13,059 - hotkeys - INFO - Skonfigurowano skrót przechwytywania: Alt+F7
2025-04-14 19:44:13,059 - hotkeys - INFO - Mened¿er skrótów klawiszowych zainicjowany
2025-04-14 19:44:13,168 - hotkeys - DEBUG - Sparsowany skrót Alt+F7 do: Key.alt, Key.f7
2025-04-14 19:44:13,168 - hotkeys - INFO - Skonfigurowano skrót przechwytywania: Alt+F7
2025-04-14 19:44:13,168 - hotkeys - INFO - Mened¿er skrótów klawiszowych zainicjowany
2025-04-14 19:44:13,277 - hotkeys - DEBUG - Sparsowany skrót Alt+F7 do: Key.alt, Key.f7
2025-04-14 19:44:13,278 - hotkeys - INFO - Skonfigurowano skrót przechwytywania: Alt+F7
2025-04-14 19:44:13,278 - hotkeys - INFO - Mened¿er skrótów klawiszowych zainicjowany
2025-04-14 19:44:13,360 - hotkeys - DEBUG - Naciœniêto klawisz: Key.alt_l
2025-04-14 19:44:13,360 - hotkeys - DEBUG - Ctrl: False, Alt: True, T: False
2025-04-14 19:44:13,387 - hotkeys - DEBUG - Sparsowany skrót Alt+F7 do: Key.alt, Key.f7
2025-04-14 19:44:13,387 - hotkeys - INFO - Skonfigurowano skrót przechwytywania: Alt+F7
2025-04-14 19:44:13,387 - hotkeys - INFO - Mened¿er skrótów klawiszowych zainicjowany
2025-04-14 19:44:13,496 - hotkeys - DEBUG - Sparsowany skrót Alt+F7 do: Key.alt, Key.f7
2025-04-14 19:44:13,497 - hotkeys - INFO - Skonfigurowano skrót przechwytywania: Alt+F7
2025-04-14 19:44:13,497 - hotkeys - INFO - Mened¿er skrótów klawiszowych zainicjowany
2025-04-14 19:44:13,841 - hotkeys - DEBUG - Sparsowany skrót Alt+F7 do: Key.alt, Key.f7
2025-04-14 19:44:13,841 - hotkeys - INFO - Skonfigurowano skrót przechwytywania: Alt+F7
2025-04-14 19:44:13,841 - hotkeys - INFO - Mened¿er skrótów klawiszowych zainicjowany
2025-04-14 19:44:14,150 - hotkeys - DEBUG - Sparsowany skrót Alt+F7 do: Key.alt, Key.f7
2025-04-14 19:44:14,151 - hotkeys - INFO - Skonfigurowano skrót przechwytywania: Alt+F7
2025-04-14 19:44:14,151 - hotkeys - INFO - Mened¿er skrótów klawiszowych zainicjowany
2025-04-14 19:44:14,271 - hotkeys - DEBUG - Sparsowany skrót Alt+F7 do: Key.alt, Key.f7
2025-04-14 19:44:14,271 - hotkeys - INFO - Skonfigurowano skrót przechwytywania: Alt+F7
2025-04-14 19:44:14,271 - hotkeys - INFO - Mened¿er skrótów klawiszowych zainicjowany
2025-04-14 19:44:14,377 - hotkeys - DEBUG - Sparsowany skrót Alt+F7 do: Key.alt, Key.f7
2025-04-14 19:44:14,378 - hotkeys - INFO - Skonfigurowano skrót przechwytywania: Alt+F7
2025-04-14 19:44:14,378 - hotkeys - INFO - Mened¿er skrótów klawiszowych zainicjowany
2025-04-14 19:44:14,767 - hotkeys - DEBUG - Sparsowany skrót Alt+F7 do: Key.alt, Key.f7
2025-04-14 19:44:14,768 - hotkeys - INFO - Skonfigurowano skrót przechwytywania: Alt+F7
2025-04-14 19:44:14,768 - hotkeys - INFO - Mened¿er skrótów klawiszowych zainicjowany
2025-04-14 19:44:14,874 - hotkeys - DEBUG - Sparsowany skrót Alt+F7 do: Key.alt, Key.f7
2025-04-14 19:44:14,874 - hotkeys - INFO - Skonfigurowano skrót przechwytywania: Alt+F7
2025-04-14 19:44:14,874 - hotkeys - INFO - Mened¿er skrótów klawiszowych zainicjowany
2025-04-14 19:44:14,983 - hotkeys - DEBUG - Sparsowany skrót Alt+F7 do: Key.alt, Key.f7
2025-04-14 19:44:14,984 - hotkeys - INFO - Skonfigurowano skrót przechwytywania: Alt+F7
2025-04-14 19:44:14,984 - hotkeys - INFO - Mened¿er skrótów klawiszowych zainicjowany
2025-04-14 19:44:15,092 - hotkeys - DEBUG - Sparsowany skrót Alt+F7 do: Key.alt, Key.f7
2025-04-14 19:44:15,092 - hotkeys - INFO - Skonfigurowano skrót przechwytywania: Alt+F7
2025-04-14 19:44:15,093 - hotkeys - INFO - Mened¿er skrótów klawiszowych zainicjowany
2025-04-14 19:44:15,201 - hotkeys - DEBUG - Sparsowany skrót Alt+F7 do: Key.alt, Key.f7
2025-04-14 19:44:15,201 - hotkeys - INFO - Skonfigurowano skrót przechwytywania: Alt+F7
2025-04-14 19:44:15,201 - hotkeys - INFO - Mened¿er skrótów klawiszowych zainicjowany
2025-04-14 19:44:15,308 - hotkeys - DEBUG - Sparsowany skrót Alt+F7 do: Key.alt, Key.f7
2025-04-14 19:44:15,309 - hotkeys - INFO - Skonfigurowano skrót przechwytywania: Alt+F7
2025-04-14 19:44:15,309 - hotkeys - INFO - Mened¿er skrótów klawiszowych zainicjowany
2025-04-14 19:44:15,416 - hotkeys - DEBUG - Sparsowany skrót Alt+F7 do: Key.alt, Key.f7
2025-04-14 19:44:15,416 - hotkeys - INFO - Skonfigurowano skrót przechwytywania: Alt+F7
2025-04-14 19:44:15,416 - hotkeys - INFO - Mened¿er skrótów klawiszowych zainicjowany
2025-04-14 19:44:15,531 - hotkeys - DEBUG - Sparsowany skrót Alt+F7 do: Key.alt, Key.f7
2025-04-14 19:44:15,531 - hotkeys - INFO - Skonfigurowano skrót przechwytywania: Alt+F7
2025-04-14 19:44:15,531 - hotkeys - INFO - Mened¿er skrótów klawiszowych zainicjowany
2025-04-14 19:44:15,637 - hotkeys - DEBUG - Sparsowany skrót Alt+F7 do: Key.alt, Key.f7
2025-04-14 19:44:15,638 - hotkeys - INFO - Skonfigurowano skrót przechwytywania: Alt+F7
2025-04-14 19:44:15,638 - hotkeys - INFO - Mened¿er skrótów klawiszowych zainicjowany
2025-04-14 19:44:15,746 - hotkeys - DEBUG - Sparsowany skrót Alt+F7 do: Key.alt, Key.f7
2025-04-14 19:44:15,746 - hotkeys - INFO - Skonfigurowano skrót przechwytywania: Alt+F7
2025-04-14 19:44:15,747 - hotkeys - INFO - Mened¿er skrótów klawiszowych zainicjowany
2025-04-14 19:44:15,856 - hotkeys - DEBUG - Sparsowany skrót Alt+F7 do: Key.alt, Key.f7
2025-04-14 19:44:15,856 - hotkeys - INFO - Skonfigurowano skrót przechwytywania: Alt+F7
2025-04-14 19:44:15,856 - hotkeys - INFO - Mened¿er skrótów klawiszowych zainicjowany
2025-04-14 19:44:15,967 - hotkeys - DEBUG - Sparsowany skrót Alt+F7 do: Key.alt, Key.f7
2025-04-14 19:44:15,967 - hotkeys - INFO - Skonfigurowano skrót przechwytywania: Alt+F7
2025-04-14 19:44:15,967 - hotkeys - INFO - Mened¿er skrótów klawiszowych zainicjowany
2025-04-14 19:44:16,073 - hotkeys - DEBUG - Sparsowany skrót Alt+F7 do: Key.alt, Key.f7
2025-04-14 19:44:16,074 - hotkeys - INFO - Skonfigurowano skrót przechwytywania: Alt+F7
2025-04-14 19:44:16,074 - hotkeys - INFO - Mened¿er skrótów klawiszowych zainicjowany
2025-04-14 19:44:16,184 - hotkeys - DEBUG - Sparsowany skrót Alt+F7 do: Key.alt, Key.f7
2025-04-14 19:44:16,184 - hotkeys - INFO - Skonfigurowano skrót przechwytywania: Alt+F7
2025-04-14 19:44:16,184 - hotkeys - INFO - Mened¿er skrótów klawiszowych zainicjowany
2025-04-14 19:44:16,291 - hotkeys - DEBUG - Sparsowany skrót Alt+F7 do: Key.alt, Key.f7
2025-04-14 19:44:16,291 - hotkeys - INFO - Skonfigurowano skrót przechwytywania: Alt+F7
2025-04-14 19:44:16,291 - hotkeys - INFO - Mened¿er skrótów klawiszowych zainicjowany
2025-04-14 19:44:16,399 - hotkeys - DEBUG - Sparsowany skrót Alt+F7 do: Key.alt, Key.f7
2025-04-14 19:44:16,399 - hotkeys - INFO - Skonfigurowano skrót przechwytywania: Alt+F7
2025-04-14 19:44:16,399 - hotkeys - INFO - Mened¿er skrótów klawiszowych zainicjowany
2025-04-14 19:44:16,522 - hotkeys - DEBUG - Sparsowany skrót Alt+F7 do: Key.alt, Key.f7
2025-04-14 19:44:16,523 - hotkeys - INFO - Skonfigurowano skrót przechwytywania: Alt+F7
2025-04-14 19:44:16,523 - hotkeys - INFO - Mened¿er skrótów klawiszowych zainicjowany
2025-04-14 19:44:16,645 - hotkeys - DEBUG - Sparsowany skrót Alt+F7 do: Key.alt, Key.f7
2025-04-14 19:44:16,646 - hotkeys - INFO - Skonfigurowano skrót przechwytywania: Alt+F7
2025-04-14 19:44:16,646 - hotkeys - INFO - Mened¿er skrótów klawiszowych zainicjowany
2025-04-14 19:44:16,752 - hotkeys - DEBUG - Sparsowany skrót Alt+F7 do: Key.alt, Key.f7
2025-04-14 19:44:16,753 - hotkeys - INFO - Skonfigurowano skrót przechwytywania: Alt+F7
2025-04-14 19:44:16,753 - hotkeys - INFO - Mened¿er skrótów klawiszowych zainicjowany
2025-04-14 19:44:22,297 - settings - INFO - Zapisano ustawienia do pliku
2025-04-14 19:44:22,298 - settings - INFO - Zapisano ustawienia do pliku
2025-04-14 19:44:22,299 - settings - INFO - Zapisano ustawienia do pliku
2025-04-14 19:44:22,299 - settings - INFO - Zapisano ustawienia do pliku
2025-04-14 19:44:22,300 - settings - INFO - Zapisano ustawienia do pliku
2025-04-14 19:44:22,300 - settings - INFO - Zapisano ustawienia do pliku
2025-04-14 19:44:22,301 - settings - INFO - Zapisano ustawienia do pliku
2025-04-14 19:44:22,302 - settings - INFO - Zapisano ustawienia do pliku
2025-04-14 19:44:22,302 - settings - INFO - Zapisano ustawienia do pliku
2025-04-14 19:44:22,303 - settings - INFO - Zapisano ustawienia do pliku
2025-04-14 19:44:22,304 - settings - INFO - Zapisano ustawienia do pliku
2025-04-14 19:44:22,304 - settings - INFO - Zapisano ustawienia do pliku
2025-04-14 19:44:22,305 - settings - INFO - Zapisano ustawienia do pliku
2025-04-14 19:44:22,306 - settings - INFO - Zapisano ustawienia do pliku
2025-04-14 19:44:22,306 - settings - INFO - Zapisano ustawienia do pliku
2025-04-14 19:44:22,307 - settings - INFO - Zapisano ustawienia do pliku
2025-04-14 19:44:22,308 - settings - INFO - Zapisano ustawienia do pliku
2025-04-14 19:44:22,308 - settings - INFO - Zapisano ustawienia do pliku
2025-04-14 19:44:22,309 - settings - INFO - Zapisano ustawienia do pliku
2025-04-14 19:44:22,309 - settings - INFO - Zapisano ustawienia do pliku
2025-04-14 19:44:22,310 - settings - INFO - Zapisano ustawienia do pliku
2025-04-14 19:44:22,311 - settings - INFO - Zapisano ustawienia do pliku
2025-04-14 19:44:22,311 - settings - INFO - Zapisano ustawienia do pliku
2025-04-14 19:45:19,241 - tray_icon - INFO - Wywo³ano akcjê przechwytywania ekranu
2025-04-14 19:45:19,241 - screenshot - INFO - Uruchamianie procesu przechwytywania ekranu
2025-04-14 19:45:19,242 - screenshot - INFO - Rozpoczêcie przechwytywania ekranu
2025-04-14 19:45:21,791 - screenshot - INFO - Przechwytywanie ekranu anulowane
2025-04-14 19:48:43,243 - main - INFO - Uruchamianie aplikacji ScreenOCR & Translator
2025-04-14 19:48:43,287 - settings - INFO - Wczytano ustawienia z pliku
2025-04-14 19:48:43,328 - popup - INFO - Popup t³umaczenia zainicjowany
2025-04-14 19:48:43,328 - screenshot - INFO - Narzêdzie zrzutu ekranu zainicjowane
2025-04-14 19:48:43,328 - tray_icon - INFO - Ikona zasobnika systemowego zainicjowana
2025-04-14 19:48:43,330 - hotkeys - INFO - Skonfigurowano skrót przechwytywania: Alt+F7
2025-04-14 19:48:43,330 - hotkeys - INFO - Mened¿er skrótów klawiszowych zainicjowany
2025-04-14 19:48:43,331 - hotkeys - ERROR - B³¹d w nas³uchiwaniu skrótu Alt+F7: Alt
2025-04-14 19:48:43,331 - hotkeys - INFO - Uruchomiono nas³uchiwanie skrótów klawiszowych dla: Alt+F7
2025-04-14 19:48:43,331 - main - INFO - Aplikacja uruchomiona pomyœlnie
2025-04-14 19:48:43,331 - main - INFO - Nas³uchiwanie skrótu przechwytywania: Alt+F7
2025-04-14 19:48:57,378 - tray_icon - INFO - Wyœwietlanie okna ustawieñ
2025-04-14 19:48:59,664 - hotkeys - DEBUG - Sparsowany skrót Alt+F7 do: Key.alt, Key.f7
2025-04-14 19:48:59,664 - hotkeys - INFO - Skonfigurowano skrót przechwytywania: Alt+F7
2025-04-14 19:48:59,664 - hotkeys - INFO - Mened¿er skrótów klawiszowych zainicjowany
2025-04-14 19:48:59,776 - hotkeys - DEBUG - Sparsowany skrót Alt+F7 do: Key.alt, Key.f7
2025-04-14 19:48:59,776 - hotkeys - INFO - Skonfigurowano skrót przechwytywania: Alt+F7
2025-04-14 19:48:59,776 - hotkeys - INFO - Mened¿er skrótów klawiszowych zainicjowany
2025-04-14 19:48:59,888 - hotkeys - DEBUG - Sparsowany skrót Alt+F7 do: Key.alt, Key.f7
2025-04-14 19:48:59,888 - hotkeys - INFO - Skonfigurowano skrót przechwytywania: Alt+F7
2025-04-14 19:48:59,888 - hotkeys - INFO - Mened¿er skrótów klawiszowych zainicjowany
2025-04-14 19:48:59,992 - hotkeys - DEBUG - Sparsowany skrót Alt+F7 do: Key.alt, Key.f7
2025-04-14 19:48:59,992 - hotkeys - INFO - Skonfigurowano skrót przechwytywania: Alt+F7
2025-04-14 19:48:59,992 - hotkeys - INFO - Mened¿er skrótów klawiszowych zainicjowany
2025-04-14 19:49:00,104 - hotkeys - DEBUG - Sparsowany skrót Alt+F7 do: Key.alt, Key.f7
2025-04-14 19:49:00,104 - hotkeys - INFO - Skonfigurowano skrót przechwytywania: Alt+F7
2025-04-14 19:49:00,104 - hotkeys - INFO - Mened¿er skrótów klawiszowych zainicjowany
2025-04-14 19:49:00,223 - hotkeys - DEBUG - Sparsowany skrót Alt+F7 do: Key.alt, Key.f7
2025-04-14 19:49:00,223 - hotkeys - INFO - Skonfigurowano skrót przechwytywania: Alt+F7
2025-04-14 19:49:00,223 - hotkeys - INFO - Mened¿er skrótów klawiszowych zainicjowany
2025-04-14 19:49:00,333 - hotkeys - DEBUG - Sparsowany skrót Alt+F7 do: Key.alt, Key.f7
2025-04-14 19:49:00,333 - hotkeys - INFO - Skonfigurowano skrót przechwytywania: Alt+F7
2025-04-14 19:49:00,333 - hotkeys - INFO - Mened¿er skrótów klawiszowych zainicjowany
2025-04-14 19:49:00,442 - hotkeys - DEBUG - Sparsowany skrót Alt+F7 do: Key.alt, Key.f7
2025-04-14 19:49:00,442 - hotkeys - INFO - Skonfigurowano skrót przechwytywania: Alt+F7
2025-04-14 19:49:00,442 - hotkeys - INFO - Mened¿er skrótów klawiszowych zainicjowany
2025-04-14 19:49:00,552 - hotkeys - DEBUG - Sparsowany skrót Alt+F7 do: Key.alt, Key.f7
2025-04-14 19:49:00,552 - hotkeys - INFO - Skonfigurowano skrót przechwytywania: Alt+F7
2025-04-14 19:49:00,552 - hotkeys - INFO - Mened¿er skrótów klawiszowych zainicjowany
2025-04-14 19:49:00,660 - hotkeys - DEBUG - Sparsowany skrót Alt+F7 do: Key.alt, Key.f7
2025-04-14 19:49:00,660 - hotkeys - INFO - Skonfigurowano skrót przechwytywania: Alt+F7
2025-04-14 19:49:00,660 - hotkeys - INFO - Mened¿er skrótów klawiszowych zainicjowany
2025-04-14 19:49:00,771 - hotkeys - DEBUG - Sparsowany skrót Alt+F7 do: Key.alt, Key.f7
2025-04-14 19:49:00,771 - hotkeys - INFO - Skonfigurowano skrót przechwytywania: Alt+F7
2025-04-14 19:49:00,771 - hotkeys - INFO - Mened¿er skrótów klawiszowych zainicjowany
2025-04-14 19:49:00,879 - hotkeys - DEBUG - Sparsowany skrót Alt+F7 do: Key.alt, Key.f7
2025-04-14 19:49:00,879 - hotkeys - INFO - Skonfigurowano skrót przechwytywania: Alt+F7
2025-04-14 19:49:00,879 - hotkeys - INFO - Mened¿er skrótów klawiszowych zainicjowany
2025-04-14 19:49:00,987 - hotkeys - DEBUG - Sparsowany skrót Alt+F7 do: Key.alt, Key.f7
2025-04-14 19:49:00,987 - hotkeys - INFO - Skonfigurowano skrót przechwytywania: Alt+F7
2025-04-14 19:49:00,988 - hotkeys - INFO - Mened¿er skrótów klawiszowych zainicjowany
2025-04-14 19:49:01,095 - hotkeys - DEBUG - Sparsowany skrót Alt+F7 do: Key.alt, Key.f7
2025-04-14 19:49:01,095 - hotkeys - INFO - Skonfigurowano skrót przechwytywania: Alt+F7
2025-04-14 19:49:01,095 - hotkeys - INFO - Mened¿er skrótów klawiszowych zainicjowany
2025-04-14 19:49:01,204 - hotkeys - DEBUG - Sparsowany skrót Alt+F7 do: Key.alt, Key.f7
2025-04-14 19:49:01,204 - hotkeys - INFO - Skonfigurowano skrót przechwytywania: Alt+F7
2025-04-14 19:49:01,204 - hotkeys - INFO - Mened¿er skrótów klawiszowych zainicjowany
2025-04-14 19:49:01,312 - hotkeys - DEBUG - Sparsowany skrót Alt+F7 do: Key.alt, Key.f7
2025-04-14 19:49:01,313 - hotkeys - INFO - Skonfigurowano skrót przechwytywania: Alt+F7
2025-04-14 19:49:01,313 - hotkeys - INFO - Mened¿er skrótów klawiszowych zainicjowany
2025-04-14 19:49:01,415 - hotkeys - DEBUG - Sparsowany skrót Alt+F7 do: Key.alt, Key.f7
2025-04-14 19:49:01,415 - hotkeys - INFO - Skonfigurowano skrót przechwytywania: Alt+F7
2025-04-14 19:49:01,416 - hotkeys - INFO - Mened¿er skrótów klawiszowych zainicjowany
2025-04-14 19:49:01,524 - hotkeys - DEBUG - Sparsowany skrót Alt+F7 do: Key.alt, Key.f7
2025-04-14 19:49:01,525 - hotkeys - INFO - Skonfigurowano skrót przechwytywania: Alt+F7
2025-04-14 19:49:01,525 - hotkeys - INFO - Mened¿er skrótów klawiszowych zainicjowany
2025-04-14 19:49:01,632 - hotkeys - DEBUG - Sparsowany skrót Alt+F7 do: Key.alt, Key.f7
2025-04-14 19:49:01,632 - hotkeys - INFO - Skonfigurowano skrót przechwytywania: Alt+F7
2025-04-14 19:49:01,632 - hotkeys - INFO - Mened¿er skrótów klawiszowych zainicjowany
2025-04-14 19:49:01,741 - hotkeys - DEBUG - Sparsowany skrót Alt+F7 do: Key.alt, Key.f7
2025-04-14 19:49:01,741 - hotkeys - INFO - Skonfigurowano skrót przechwytywania: Alt+F7
2025-04-14 19:49:01,741 - hotkeys - INFO - Mened¿er skrótów klawiszowych zainicjowany
2025-04-14 19:49:01,851 - hotkeys - DEBUG - Sparsowany skrót Alt+F7 do: Key.alt, Key.f7
2025-04-14 19:49:01,851 - hotkeys - INFO - Skonfigurowano skrót przechwytywania: Alt+F7
2025-04-14 19:49:01,851 - hotkeys - INFO - Mened¿er skrótów klawiszowych zainicjowany
2025-04-14 19:49:01,975 - hotkeys - DEBUG - Sparsowany skrót Alt+F7 do: Key.alt, Key.f7
2025-04-14 19:49:01,975 - hotkeys - INFO - Skonfigurowano skrót przechwytywania: Alt+F7
2025-04-14 19:49:01,975 - hotkeys - INFO - Mened¿er skrótów klawiszowych zainicjowany
2025-04-14 19:49:02,083 - hotkeys - DEBUG - Sparsowany skrót Alt+F7 do: Key.alt, Key.f7
2025-04-14 19:49:02,083 - hotkeys - INFO - Skonfigurowano skrót przechwytywania: Alt+F7
2025-04-14 19:49:02,083 - hotkeys - INFO - Mened¿er skrótów klawiszowych zainicjowany
2025-04-14 19:49:02,192 - hotkeys - DEBUG - Sparsowany skrót Alt+F7 do: Key.alt, Key.f7
2025-04-14 19:49:02,192 - hotkeys - INFO - Skonfigurowano skrót przechwytywania: Alt+F7
2025-04-14 19:49:02,192 - hotkeys - INFO - Mened¿er skrótów klawiszowych zainicjowany
2025-04-14 19:49:02,300 - hotkeys - DEBUG - Sparsowany skrót Alt+F7 do: Key.alt, Key.f7
2025-04-14 19:49:02,300 - hotkeys - INFO - Skonfigurowano skrót przechwytywania: Alt+F7
2025-04-14 19:49:02,300 - hotkeys - INFO - Mened¿er skrótów klawiszowych zainicjowany
2025-04-14 19:49:02,409 - hotkeys - DEBUG - Sparsowany skrót Alt+F7 do: Key.alt, Key.f7
2025-04-14 19:49:02,409 - hotkeys - INFO - Skonfigurowano skrót przechwytywania: Alt+F7
2025-04-14 19:49:02,409 - hotkeys - INFO - Mened¿er skrótów klawiszowych zainicjowany
2025-04-14 19:49:02,517 - hotkeys - DEBUG - Sparsowany skrót Alt+F7 do: Key.alt, Key.f7
2025-04-14 19:49:02,517 - hotkeys - INFO - Skonfigurowano skrót przechwytywania: Alt+F7
2025-04-14 19:49:02,517 - hotkeys - INFO - Mened¿er skrótów klawiszowych zainicjowany
2025-04-14 19:49:02,620 - hotkeys - DEBUG - Sparsowany skrót Alt+F7 do: Key.alt, Key.f7
2025-04-14 19:49:02,620 - hotkeys - INFO - Skonfigurowano skrót przechwytywania: Alt+F7
2025-04-14 19:49:02,620 - hotkeys - INFO - Mened¿er skrótów klawiszowych zainicjowany
2025-04-14 19:49:02,739 - hotkeys - DEBUG - Sparsowany skrót Alt+F7 do: Key.alt, Key.f7
2025-04-14 19:49:02,739 - hotkeys - INFO - Skonfigurowano skrót przechwytywania: Alt+F7
2025-04-14 19:49:02,739 - hotkeys - INFO - Mened¿er skrótów klawiszowych zainicjowany
2025-04-14 19:49:02,844 - hotkeys - DEBUG - Sparsowany skrót Alt+F7 do: Key.alt, Key.f7
2025-04-14 19:49:02,844 - hotkeys - INFO - Skonfigurowano skrót przechwytywania: Alt+F7
2025-04-14 19:49:02,844 - hotkeys - INFO - Mened¿er skrótów klawiszowych zainicjowany
2025-04-14 19:49:02,954 - hotkeys - DEBUG - Sparsowany skrót Alt+F7 do: Key.alt, Key.f7
2025-04-14 19:49:02,954 - hotkeys - INFO - Skonfigurowano skrót przechwytywania: Alt+F7
2025-04-14 19:49:02,954 - hotkeys - INFO - Mened¿er skrótów klawiszowych zainicjowany
2025-04-14 19:49:03,062 - hotkeys - DEBUG - Sparsowany skrót Alt+F7 do: Key.alt, Key.f7
2025-04-14 19:49:03,062 - hotkeys - INFO - Skonfigurowano skrót przechwytywania: Alt+F7
2025-04-14 19:49:03,062 - hotkeys - INFO - Mened¿er skrótów klawiszowych zainicjowany
2025-04-14 19:49:03,172 - hotkeys - DEBUG - Sparsowany skrót Alt+F7 do: Key.alt, Key.f7
2025-04-14 19:49:03,172 - hotkeys - INFO - Skonfigurowano skrót przechwytywania: Alt+F7
2025-04-14 19:49:03,172 - hotkeys - INFO - Mened¿er skrótów klawiszowych zainicjowany
2025-04-14 19:49:03,281 - hotkeys - DEBUG - Sparsowany skrót Alt+F7 do: Key.alt, Key.f7
2025-04-14 19:49:03,281 - hotkeys - INFO - Skonfigurowano skrót przechwytywania: Alt+F7
2025-04-14 19:49:03,282 - hotkeys - INFO - Mened¿er skrótów klawiszowych zainicjowany
2025-04-14 19:49:03,389 - hotkeys - DEBUG - Sparsowany skrót Alt+F7 do: Key.alt, Key.f7
2025-04-14 19:49:03,389 - hotkeys - INFO - Skonfigurowano skrót przechwytywania: Alt+F7
2025-04-14 19:49:03,389 - hotkeys - INFO - Mened¿er skrótów klawiszowych zainicjowany
2025-04-14 19:49:03,498 - hotkeys - DEBUG - Sparsowany skrót Alt+F7 do: Key.alt, Key.f7
2025-04-14 19:49:03,498 - hotkeys - INFO - Skonfigurowano skrót przechwytywania: Alt+F7
2025-04-14 19:49:03,498 - hotkeys - INFO - Mened¿er skrótów klawiszowych zainicjowany
2025-04-14 19:49:03,606 - hotkeys - DEBUG - Sparsowany skrót Alt+F7 do: Key.alt, Key.f7
2025-04-14 19:49:03,607 - hotkeys - INFO - Skonfigurowano skrót przechwytywania: Alt+F7
2025-04-14 19:49:03,607 - hotkeys - INFO - Mened¿er skrótów klawiszowych zainicjowany
2025-04-14 19:49:03,713 - hotkeys - DEBUG - Sparsowany skrót Alt+F7 do: Key.alt, Key.f7
2025-04-14 19:49:03,714 - hotkeys - INFO - Skonfigurowano skrót przechwytywania: Alt+F7
2025-04-14 19:49:03,714 - hotkeys - INFO - Mened¿er skrótów klawiszowych zainicjowany
2025-04-14 19:49:03,822 - hotkeys - DEBUG - Sparsowany skrót Alt+F7 do: Key.alt, Key.f7
2025-04-14 19:49:03,822 - hotkeys - INFO - Skonfigurowano skrót przechwytywania: Alt+F7
2025-04-14 19:49:03,822 - hotkeys - INFO - Mened¿er skrótów klawiszowych zainicjowany
2025-04-14 19:49:03,931 - hotkeys - DEBUG - Sparsowany skrót Alt+F7 do: Key.alt, Key.f7
2025-04-14 19:49:03,931 - hotkeys - INFO - Skonfigurowano skrót przechwytywania: Alt+F7
2025-04-14 19:49:03,931 - hotkeys - INFO - Mened¿er skrótów klawiszowych zainicjowany
2025-04-14 19:49:04,038 - hotkeys - DEBUG - Sparsowany skrót Alt+F7 do: Key.alt, Key.f7
2025-04-14 19:49:04,038 - hotkeys - INFO - Skonfigurowano skrót przechwytywania: Alt+F7
2025-04-14 19:49:04,039 - hotkeys - INFO - Mened¿er skrótów klawiszowych zainicjowany
2025-04-14 19:49:04,149 - hotkeys - DEBUG - Sparsowany skrót Alt+F7 do: Key.alt, Key.f7
2025-04-14 19:49:04,149 - hotkeys - INFO - Skonfigurowano skrót przechwytywania: Alt+F7
2025-04-14 19:49:04,149 - hotkeys - INFO - Mened¿er skrótów klawiszowych zainicjowany
2025-04-14 19:49:04,264 - hotkeys - DEBUG - Sparsowany skrót Alt+F7 do: Key.alt, Key.f7
2025-04-14 19:49:04,264 - hotkeys - INFO - Skonfigurowano skrót przechwytywania: Alt+F7
2025-04-14 19:49:04,264 - hotkeys - INFO - Mened¿er skrótów klawiszowych zainicjowany
2025-04-14 19:49:04,368 - hotkeys - DEBUG - Sparsowany skrót Alt+F7 do: Key.alt, Key.f7
2025-04-14 19:49:04,368 - hotkeys - INFO - Skonfigurowano skrót przechwytywania: Alt+F7
2025-04-14 19:49:04,368 - hotkeys - INFO - Mened¿er skrótów klawiszowych zainicjowany
2025-04-14 19:49:04,480 - hotkeys - DEBUG - Sparsowany skrót Alt+F7 do: Key.alt, Key.f7
2025-04-14 19:49:04,480 - hotkeys - INFO - Skonfigurowano skrót przechwytywania: Alt+F7
2025-04-14 19:49:04,480 - hotkeys - INFO - Mened¿er skrótów klawiszowych zainicjowany
2025-04-14 19:49:04,592 - hotkeys - DEBUG - Sparsowany skrót Alt+F7 do: Key.alt, Key.f7
2025-04-14 19:49:04,592 - hotkeys - INFO - Skonfigurowano skrót przechwytywania: Alt+F7
2025-04-14 19:49:04,592 - hotkeys - INFO - Mened¿er skrótów klawiszowych zainicjowany
2025-04-14 19:49:04,706 - hotkeys - DEBUG - Sparsowany skrót Alt+F7 do: Key.alt, Key.f7
2025-04-14 19:49:04,706 - hotkeys - INFO - Skonfigurowano skrót przechwytywania: Alt+F7
2025-04-14 19:49:04,706 - hotkeys - INFO - Mened¿er skrótów klawiszowych zainicjowany
2025-04-14 19:49:04,815 - hotkeys - DEBUG - Sparsowany skrót Alt+F7 do: Key.alt, Key.f7
2025-04-14 19:49:04,815 - hotkeys - INFO - Skonfigurowano skrót przechwytywania: Alt+F7
2025-04-14 19:49:04,815 - hotkeys - INFO - Mened¿er skrótów klawiszowych zainicjowany
2025-04-14 19:49:04,920 - hotkeys - DEBUG - Sparsowany skrót Alt+F7 do: Key.alt, Key.f7
2025-04-14 19:49:04,920 - hotkeys - INFO - Skonfigurowano skrót przechwytywania: Alt+F7
2025-04-14 19:49:04,920 - hotkeys - INFO - Mened¿er skrótów klawiszowych zainicjowany
2025-04-14 19:49:05,024 - hotkeys - DEBUG - Sparsowany skrót Alt+F7 do: Key.alt, Key.f7
2025-04-14 19:49:05,024 - hotkeys - INFO - Skonfigurowano skrót przechwytywania: Alt+F7
2025-04-14 19:49:05,024 - hotkeys - INFO - Mened¿er skrótów klawiszowych zainicjowany
2025-04-14 19:49:05,141 - hotkeys - DEBUG - Sparsowany skrót Alt+F7 do: Key.alt, Key.f7
2025-04-14 19:49:05,141 - hotkeys - INFO - Skonfigurowano skrót przechwytywania: Alt+F7
2025-04-14 19:49:05,141 - hotkeys - INFO - Mened¿er skrótów klawiszowych zainicjowany
2025-04-14 19:49:05,250 - hotkeys - DEBUG - Sparsowany skrót Alt+F7 do: Key.alt, Key.f7
2025-04-14 19:49:05,250 - hotkeys - INFO - Skonfigurowano skrót przechwytywania: Alt+F7
2025-04-14 19:49:05,250 - hotkeys - INFO - Mened¿er skrótów klawiszowych zainicjowany
2025-04-14 19:49:05,360 - hotkeys - DEBUG - Sparsowany skrót Alt+F7 do: Key.alt, Key.f7
2025-04-14 19:49:05,360 - hotkeys - INFO - Skonfigurowano skrót przechwytywania: Alt+F7
2025-04-14 19:49:05,360 - hotkeys - INFO - Mened¿er skrótów klawiszowych zainicjowany
2025-04-14 19:49:05,468 - hotkeys - DEBUG - Sparsowany skrót Alt+F7 do: Key.alt, Key.f7
2025-04-14 19:49:05,468 - hotkeys - INFO - Skonfigurowano skrót przechwytywania: Alt+F7
2025-04-14 19:49:05,468 - hotkeys - INFO - Mened¿er skrótów klawiszowych zainicjowany
2025-04-14 19:49:10,137 - settings - INFO - Zapisano ustawienia do pliku
2025-04-14 19:49:10,138 - settings - INFO - Zapisano ustawienia do pliku
2025-04-14 19:49:10,139 - settings - INFO - Zapisano ustawienia do pliku
2025-04-14 19:49:10,139 - settings - INFO - Zapisano ustawienia do pliku
2025-04-14 19:49:10,140 - settings - INFO - Zapisano ustawienia do pliku
2025-04-14 19:49:10,141 - settings - INFO - Zapisano ustawienia do pliku
2025-04-14 19:49:10,141 - settings - INFO - Zapisano ustawienia do pliku
2025-04-14 19:49:10,142 - settings - INFO - Zapisano ustawienia do pliku
2025-04-14 19:49:10,143 - settings - INFO - Zapisano ustawienia do pliku
2025-04-14 19:49:10,143 - settings - INFO - Zapisano ustawienia do pliku
2025-04-14 19:49:10,144 - settings - INFO - Zapisano ustawienia do pliku
2025-04-14 19:49:10,144 - settings - INFO - Zapisano ustawienia do pliku
2025-04-14 19:49:10,145 - settings - INFO - Zapisano ustawienia do pliku
2025-04-14 19:49:10,146 - settings - INFO - Zapisano ustawienia do pliku
2025-04-14 19:49:10,146 - settings - INFO - Zapisano ustawienia do pliku
2025-04-14 19:49:10,147 - settings - INFO - Zapisano ustawienia do pliku
2025-04-14 19:49:10,148 - settings - INFO - Zapisano ustawienia do pliku
2025-04-14 19:49:10,148 - settings - INFO - Zapisano ustawienia do pliku
2025-04-14 19:49:10,149 - settings - INFO - Zapisano ustawienia do pliku
2025-04-14 19:49:10,150 - settings - INFO - Zapisano ustawienia do pliku
2025-04-14 19:49:10,150 - settings - INFO - Zapisano ustawienia do pliku
2025-04-14 19:49:10,151 - settings - INFO - Zapisano ustawienia do pliku
2025-04-14 19:49:10,152 - settings - INFO - Zapisano ustawienia do pliku
2025-04-14 19:49:17,865 - tray_icon - INFO - Wywo³ano akcjê przechwytywania ekranu
2025-04-14 19:49:17,865 - screenshot - INFO - Uruchamianie procesu przechwytywania ekranu
2025-04-14 19:49:17,865 - screenshot - INFO - Rozpoczêcie przechwytywania ekranu
2025-04-14 19:49:23,789 - screenshot - INFO - Zrzut ekranu zapisany w: C:\Users\fijal\AppData\Local\Temp\screenshot_20250414_194923.png
2025-04-14 19:49:23,789 - screenshot - INFO - Rozpoczêcie przetwarzania zrzutu ekranu: C:\Users\fijal\AppData\Local\Temp\screenshot_20250414_194923.png
2025-04-14 19:49:23,797 - screenshot - INFO - Przechwytywanie ekranu anulowane
2025-04-14 19:49:23,797 - screenshot - INFO - Rozpoczêcie przetwarzania zrzutu ekranu: C:\Users\fijal\AppData\Local\Temp\screenshot_20250414_194923.png
2025-04-14 19:49:23,797 - ocr_engine - INFO - Ustawiono Tesseract OCR: C:\Users\fijal\Desktop\ScreenOCR & Translator\external\Tesseract-OCR\tesseract.exe
2025-04-14 19:49:23,797 - ocr_engine - INFO - Ustawiono TESSDATA_PREFIX: C:\Users\fijal\Desktop\ScreenOCR & Translator\external\Tesseract-OCR\tessdata
2025-04-14 19:49:23,797 - ocr_engine - INFO - Silnik OCR zainicjowany
2025-04-14 19:49:23,797 - translator - INFO - Translator zainicjowany
2025-04-14 19:49:23,797 - ocr_engine - INFO - Przetwarzanie obrazu: C:\Users\fijal\AppData\Local\Temp\screenshot_20250414_194923.png
2025-04-14 19:49:24,068 - ocr_engine - INFO - Rozpoznawanie tekstu zakoñczone
2025-04-14 19:49:24,068 - translator - INFO - T³umaczenie tekstu silnikiem google z en na pl
2025-04-14 19:49:24,689 - screenshot - INFO - Przetwarzanie zrzutu ekranu zakoñczone pomyœlnie
2025-04-14 19:49:24,690 - screenshot - INFO - Wyœwietlanie popup z t³umaczeniem
2025-04-14 19:49:24,707 - popup - INFO - Wyœwietlono popup z t³umaczeniem
2025-04-14 19:49:26,696 - popup - INFO - Zamkniêto popup z t³umaczeniem
2025-04-14 19:52:09,467 - main - INFO - Uruchamianie aplikacji ScreenOCR & Translator
2025-04-14 19:52:09,543 - settings - INFO - Wczytano ustawienia z pliku
2025-04-14 19:52:09,592 - popup - INFO - Popup t³umaczenia zainicjowany
2025-04-14 19:52:09,592 - screenshot - INFO - Narzêdzie zrzutu ekranu zainicjowane
2025-04-14 19:52:09,592 - tray_icon - INFO - Ikona zasobnika systemowego zainicjowana
2025-04-14 19:52:09,594 - hotkeys - INFO - Skonfigurowano skrót przechwytywania: Alt+F7
2025-04-14 19:52:09,594 - hotkeys - INFO - Mened¿er skrótów klawiszowych zainicjowany
2025-04-14 19:52:09,595 - hotkeys - ERROR - B³¹d w nas³uchiwaniu skrótu Alt+F7: Alt
2025-04-14 19:52:09,595 - hotkeys - INFO - Uruchomiono nas³uchiwanie skrótów klawiszowych dla: Alt+F7
2025-04-14 19:52:09,596 - main - INFO - Aplikacja uruchomiona pomyœlnie
2025-04-14 19:52:09,596 - main - INFO - Nas³uchiwanie skrótu przechwytywania: Alt+F7
2025-04-14 19:52:22,185 - main - INFO - Uruchamianie aplikacji ScreenOCR & Translator
2025-04-14 19:52:22,224 - settings - INFO - Wczytano ustawienia z pliku
2025-04-14 19:52:22,263 - popup - INFO - Popup t³umaczenia zainicjowany
2025-04-14 19:52:22,264 - screenshot - INFO - Narzêdzie zrzutu ekranu zainicjowane
2025-04-14 19:52:22,264 - tray_icon - INFO - Ikona zasobnika systemowego zainicjowana
2025-04-14 19:52:22,265 - hotkeys - INFO - Skonfigurowano skrót przechwytywania: Alt+F7
2025-04-14 19:52:22,265 - hotkeys - INFO - Mened¿er skrótów klawiszowych zainicjowany
2025-04-14 19:52:22,266 - hotkeys - ERROR - B³¹d w nas³uchiwaniu skrótu Alt+F7: Alt
2025-04-14 19:52:22,266 - hotkeys - INFO - Uruchomiono nas³uchiwanie skrótów klawiszowych dla: Alt+F7
2025-04-14 19:52:22,267 - main - INFO - Aplikacja uruchomiona pomyœlnie
2025-04-14 19:52:22,267 - main - INFO - Nas³uchiwanie skrótu przechwytywania: Alt+F7
2025-04-14 19:52:37,091 - tray_icon - INFO - Wywo³ano akcjê przechwytywania ekranu
2025-04-14 19:52:37,091 - screenshot - INFO - Uruchamianie procesu przechwytywania ekranu
2025-04-14 19:52:37,092 - screenshot - INFO - Rozpoczêcie przechwytywania ekranu
2025-04-14 19:52:41,538 - screenshot - INFO - Zrzut ekranu zapisany w: C:\Users\fijal\AppData\Local\Temp\screenshot_20250414_195241.png
2025-04-14 19:52:41,538 - screenshot - INFO - Rozpoczêcie przetwarzania zrzutu ekranu: C:\Users\fijal\AppData\Local\Temp\screenshot_20250414_195241.png
2025-04-14 19:52:41,547 - screenshot - INFO - Rozpoczêcie przetwarzania zrzutu ekranu: C:\Users\fijal\AppData\Local\Temp\screenshot_20250414_195241.png
2025-04-14 19:52:41,547 - screenshot - INFO - Przechwytywanie ekranu anulowane
2025-04-14 19:52:41,548 - ocr_engine - INFO - Ustawiono Tesseract OCR: C:\Users\fijal\Desktop\ScreenOCR & Translator\external\Tesseract-OCR\tesseract.exe
2025-04-14 19:52:41,548 - ocr_engine - INFO - Ustawiono TESSDATA_PREFIX: C:\Users\fijal\Desktop\ScreenOCR & Translator\external\Tesseract-OCR\tessdata
2025-04-14 19:52:41,548 - ocr_engine - INFO - Silnik OCR zainicjowany
2025-04-14 19:52:41,548 - translator - INFO - Translator zainicjowany
2025-04-14 19:52:41,548 - ocr_engine - INFO - Przetwarzanie obrazu: C:\Users\fijal\AppData\Local\Temp\screenshot_20250414_195241.png
2025-04-14 19:52:41,820 - ocr_engine - INFO - Rozpoznawanie tekstu zakoñczone
2025-04-14 19:52:41,821 - screenshot - WARNING - Nie rozpoznano tekstu na obrazie
2025-04-14 19:52:41,821 - screenshot - INFO - Wyœwietlanie popup z t³umaczeniem
2025-04-14 19:52:41,840 - popup - INFO - Wyœwietlono popup z t³umaczeniem
2025-04-14 19:52:42,809 - popup - INFO - Zamkniêto popup z t³umaczeniem
2025-04-14 19:52:47,578 - tray_icon - INFO - Wyœwietlanie okna ustawieñ
2025-04-14 19:52:53,554 - settings - INFO - Zapisano ustawienia do pliku
2025-04-14 19:52:53,555 - settings - INFO - Zapisano ustawienia do pliku
2025-04-14 19:52:53,555 - settings - INFO - Zapisano ustawienia do pliku
2025-04-14 19:52:53,556 - settings - INFO - Zapisano ustawienia do pliku
2025-04-14 19:52:53,557 - settings - INFO - Zapisano ustawienia do pliku
2025-04-14 19:52:53,557 - settings - INFO - Zapisano ustawienia do pliku
2025-04-14 19:52:53,558 - settings - INFO - Zapisano ustawienia do pliku
2025-04-14 19:52:53,559 - settings - INFO - Zapisano ustawienia do pliku
2025-04-14 19:52:53,559 - settings - INFO - Zapisano ustawienia do pliku
2025-04-14 19:52:53,560 - settings - INFO - Zapisano ustawienia do pliku
2025-04-14 19:52:53,560 - settings - INFO - Zapisano ustawienia do pliku
2025-04-14 19:52:53,561 - settings - INFO - Zapisano ustawienia do pliku
2025-04-14 19:52:53,562 - settings - INFO - Zapisano ustawienia do pliku
2025-04-14 19:52:53,562 - settings - INFO - Zapisano ustawienia do pliku
2025-04-14 19:52:53,563 - settings - INFO - Zapisano ustawienia do pliku
2025-04-14 19:52:53,564 - settings - INFO - Zapisano ustawienia do pliku
2025-04-14 19:52:53,564 - settings - INFO - Zapisano ustawienia do pliku
2025-04-14 19:52:53,565 - settings - INFO - Zapisano ustawienia do pliku
2025-04-14 19:52:53,565 - settings - INFO - Zapisano ustawienia do pliku
2025-04-14 19:52:53,566 - settings - INFO - Zapisano ustawienia do pliku
2025-04-14 19:52:53,567 - settings - INFO - Zapisano ustawienia do pliku
2025-04-14 19:52:53,567 - settings - INFO - Zapisano ustawienia do pliku
2025-04-14 19:52:53,568 - settings - INFO - Zapisano ustawienia do pliku
2025-04-14 19:53:00,522 - tray_icon - INFO - Wyœwietlanie okna ustawieñ
2025-04-14 19:53:02,872 - hotkeys - DEBUG - Sparsowany skrót F9 do: Key.f9
2025-04-14 19:53:02,872 - hotkeys - INFO - Skonfigurowano skrót przechwytywania: F9
2025-04-14 19:53:02,873 - hotkeys - INFO - Mened¿er skrótów klawiszowych zainicjowany
2025-04-14 19:53:02,976 - hotkeys - DEBUG - Sparsowany skrót F9 do: Key.f9
2025-04-14 19:53:02,977 - hotkeys - INFO - Skonfigurowano skrót przechwytywania: F9
2025-04-14 19:53:02,977 - hotkeys - INFO - Mened¿er skrótów klawiszowych zainicjowany
2025-04-14 19:53:03,087 - hotkeys - DEBUG - Sparsowany skrót F9 do: Key.f9
2025-04-14 19:53:03,088 - hotkeys - INFO - Skonfigurowano skrót przechwytywania: F9
2025-04-14 19:53:03,088 - hotkeys - INFO - Mened¿er skrótów klawiszowych zainicjowany
2025-04-14 19:53:03,199 - hotkeys - DEBUG - Sparsowany skrót F9 do: Key.f9
2025-04-14 19:53:03,199 - hotkeys - INFO - Skonfigurowano skrót przechwytywania: F9
2025-04-14 19:53:03,200 - hotkeys - INFO - Mened¿er skrótów klawiszowych zainicjowany
2025-04-14 19:53:03,304 - hotkeys - DEBUG - Sparsowany skrót F9 do: Key.f9
2025-04-14 19:53:03,304 - hotkeys - INFO - Skonfigurowano skrót przechwytywania: F9
2025-04-14 19:53:03,305 - hotkeys - INFO - Mened¿er skrótów klawiszowych zainicjowany
2025-04-14 19:53:03,421 - hotkeys - DEBUG - Sparsowany skrót F9 do: Key.f9
2025-04-14 19:53:03,421 - hotkeys - INFO - Skonfigurowano skrót przechwytywania: F9
2025-04-14 19:53:03,422 - hotkeys - INFO - Mened¿er skrótów klawiszowych zainicjowany
2025-04-14 19:53:03,532 - hotkeys - DEBUG - Sparsowany skrót F9 do: Key.f9
2025-04-14 19:53:03,532 - hotkeys - INFO - Skonfigurowano skrót przechwytywania: F9
2025-04-14 19:53:03,532 - hotkeys - INFO - Mened¿er skrótów klawiszowych zainicjowany
2025-04-14 19:53:03,643 - hotkeys - DEBUG - Sparsowany skrót F9 do: Key.f9
2025-04-14 19:53:03,643 - hotkeys - INFO - Skonfigurowano skrót przechwytywania: F9
2025-04-14 19:53:03,644 - hotkeys - INFO - Mened¿er skrótów klawiszowych zainicjowany
2025-04-14 19:53:03,753 - hotkeys - DEBUG - Sparsowany skrót F9 do: Key.f9
2025-04-14 19:53:03,754 - hotkeys - INFO - Skonfigurowano skrót przechwytywania: F9
2025-04-14 19:53:03,754 - hotkeys - INFO - Mened¿er skrótów klawiszowych zainicjowany
2025-04-14 19:53:03,865 - hotkeys - DEBUG - Sparsowany skrót F9 do: Key.f9
2025-04-14 19:53:03,865 - hotkeys - INFO - Skonfigurowano skrót przechwytywania: F9
2025-04-14 19:53:03,866 - hotkeys - INFO - Mened¿er skrótów klawiszowych zainicjowany
2025-04-14 19:53:03,975 - hotkeys - DEBUG - Sparsowany skrót F9 do: Key.f9
2025-04-14 19:53:03,975 - hotkeys - INFO - Skonfigurowano skrót przechwytywania: F9
2025-04-14 19:53:03,976 - hotkeys - INFO - Mened¿er skrótów klawiszowych zainicjowany
2025-04-14 19:53:04,070 - hotkeys - DEBUG - Sparsowany skrót F9 do: Key.f9
2025-04-14 19:53:04,070 - hotkeys - INFO - Skonfigurowano skrót przechwytywania: F9
2025-04-14 19:53:04,071 - hotkeys - INFO - Mened¿er skrótów klawiszowych zainicjowany
2025-04-14 19:53:04,181 - hotkeys - DEBUG - Sparsowany skrót F9 do: Key.f9
2025-04-14 19:53:04,181 - hotkeys - INFO - Skonfigurowano skrót przechwytywania: F9
2025-04-14 19:53:04,182 - hotkeys - INFO - Mened¿er skrótów klawiszowych zainicjowany
2025-04-14 19:53:04,293 - hotkeys - DEBUG - Sparsowany skrót F9 do: Key.f9
2025-04-14 19:53:04,293 - hotkeys - INFO - Skonfigurowano skrót przechwytywania: F9
2025-04-14 19:53:04,293 - hotkeys - INFO - Mened¿er skrótów klawiszowych zainicjowany
2025-04-14 19:53:04,404 - hotkeys - DEBUG - Sparsowany skrót F9 do: Key.f9
2025-04-14 19:53:04,404 - hotkeys - INFO - Skonfigurowano skrót przechwytywania: F9
2025-04-14 19:53:04,405 - hotkeys - INFO - Mened¿er skrótów klawiszowych zainicjowany
2025-04-14 19:53:04,516 - hotkeys - DEBUG - Sparsowany skrót F9 do: Key.f9
2025-04-14 19:53:04,516 - hotkeys - INFO - Skonfigurowano skrót przechwytywania: F9
2025-04-14 19:53:04,517 - hotkeys - INFO - Mened¿er skrótów klawiszowych zainicjowany
2025-04-14 19:53:04,627 - hotkeys - DEBUG - Sparsowany skrót F9 do: Key.f9
2025-04-14 19:53:04,627 - hotkeys - INFO - Skonfigurowano skrót przechwytywania: F9
2025-04-14 19:53:04,628 - hotkeys - INFO - Mened¿er skrótów klawiszowych zainicjowany
2025-04-14 19:53:04,736 - hotkeys - DEBUG - Sparsowany skrót F9 do: Key.f9
2025-04-14 19:53:04,736 - hotkeys - INFO - Skonfigurowano skrót przechwytywania: F9
2025-04-14 19:53:04,737 - hotkeys - INFO - Mened¿er skrótów klawiszowych zainicjowany
2025-04-14 19:53:04,840 - hotkeys - DEBUG - Sparsowany skrót F9 do: Key.f9
2025-04-14 19:53:04,840 - hotkeys - INFO - Skonfigurowano skrót przechwytywania: F9
2025-04-14 19:53:04,841 - hotkeys - INFO - Mened¿er skrótów klawiszowych zainicjowany
2025-04-14 19:53:04,944 - hotkeys - DEBUG - Sparsowany skrót F9 do: Key.f9
2025-04-14 19:53:04,945 - hotkeys - INFO - Skonfigurowano skrót przechwytywania: F9
2025-04-14 19:53:04,945 - hotkeys - INFO - Mened¿er skrótów klawiszowych zainicjowany
2025-04-14 19:53:05,056 - hotkeys - DEBUG - Sparsowany skrót F9 do: Key.f9
2025-04-14 19:53:05,056 - hotkeys - INFO - Skonfigurowano skrót przechwytywania: F9
2025-04-14 19:53:05,057 - hotkeys - INFO - Mened¿er skrótów klawiszowych zainicjowany
2025-04-14 19:53:05,167 - hotkeys - DEBUG - Sparsowany skrót F9 do: Key.f9
2025-04-14 19:53:05,168 - hotkeys - INFO - Skonfigurowano skrót przechwytywania: F9
2025-04-14 19:53:05,169 - hotkeys - INFO - Mened¿er skrótów klawiszowych zainicjowany
2025-04-14 19:53:05,279 - hotkeys - DEBUG - Sparsowany skrót F9 do: Key.f9
2025-04-14 19:53:05,279 - hotkeys - INFO - Skonfigurowano skrót przechwytywania: F9
2025-04-14 19:53:05,280 - hotkeys - INFO - Mened¿er skrótów klawiszowych zainicjowany
2025-04-14 19:53:05,389 - hotkeys - DEBUG - Sparsowany skrót F9 do: Key.f9
2025-04-14 19:53:05,389 - hotkeys - INFO - Skonfigurowano skrót przechwytywania: F9
2025-04-14 19:53:05,390 - hotkeys - INFO - Mened¿er skrótów klawiszowych zainicjowany
2025-04-14 19:53:05,496 - hotkeys - DEBUG - Sparsowany skrót F9 do: Key.f9
2025-04-14 19:53:05,496 - hotkeys - INFO - Skonfigurowano skrót przechwytywania: F9
2025-04-14 19:53:05,497 - hotkeys - INFO - Mened¿er skrótów klawiszowych zainicjowany
2025-04-14 19:53:05,611 - hotkeys - DEBUG - Sparsowany skrót F9 do: Key.f9
2025-04-14 19:53:05,611 - hotkeys - INFO - Skonfigurowano skrót przechwytywania: F9
2025-04-14 19:53:05,612 - hotkeys - INFO - Mened¿er skrótów klawiszowych zainicjowany
2025-04-14 19:53:05,722 - hotkeys - DEBUG - Sparsowany skrót F9 do: Key.f9
2025-04-14 19:53:05,722 - hotkeys - INFO - Skonfigurowano skrót przechwytywania: F9
2025-04-14 19:53:05,722 - hotkeys - INFO - Mened¿er skrótów klawiszowych zainicjowany
2025-04-14 19:53:05,832 - hotkeys - DEBUG - Sparsowany skrót F9 do: Key.f9
2025-04-14 19:53:05,832 - hotkeys - INFO - Skonfigurowano skrót przechwytywania: F9
2025-04-14 19:53:05,833 - hotkeys - INFO - Mened¿er skrótów klawiszowych zainicjowany
2025-04-14 19:53:05,944 - hotkeys - DEBUG - Sparsowany skrót F9 do: Key.f9
2025-04-14 19:53:05,944 - hotkeys - INFO - Skonfigurowano skrót przechwytywania: F9
2025-04-14 19:53:05,945 - hotkeys - INFO - Mened¿er skrótów klawiszowych zainicjowany
2025-04-14 19:53:06,039 - hotkeys - DEBUG - Sparsowany skrót F9 do: Key.f9
2025-04-14 19:53:06,039 - hotkeys - INFO - Skonfigurowano skrót przechwytywania: F9
2025-04-14 19:53:06,039 - hotkeys - INFO - Mened¿er skrótów klawiszowych zainicjowany
2025-04-14 19:53:06,150 - hotkeys - DEBUG - Sparsowany skrót F9 do: Key.f9
2025-04-14 19:53:06,151 - hotkeys - INFO - Skonfigurowano skrót przechwytywania: F9
2025-04-14 19:53:06,151 - hotkeys - INFO - Mened¿er skrótów klawiszowych zainicjowany
2025-04-14 19:53:06,262 - hotkeys - DEBUG - Sparsowany skrót F9 do: Key.f9
2025-04-14 19:53:06,262 - hotkeys - INFO - Skonfigurowano skrót przechwytywania: F9
2025-04-14 19:53:06,263 - hotkeys - INFO - Mened¿er skrótów klawiszowych zainicjowany
2025-04-14 19:53:06,373 - hotkeys - DEBUG - Sparsowany skrót F9 do: Key.f9
2025-04-14 19:53:06,373 - hotkeys - INFO - Skonfigurowano skrót przechwytywania: F9
2025-04-14 19:53:06,373 - hotkeys - INFO - Mened¿er skrótów klawiszowych zainicjowany
2025-04-14 19:53:06,485 - hotkeys - DEBUG - Sparsowany skrót F9 do: Key.f9
2025-04-14 19:53:06,486 - hotkeys - INFO - Skonfigurowano skrót przechwytywania: F9
2025-04-14 19:53:06,486 - hotkeys - INFO - Mened¿er skrótów klawiszowych zainicjowany
2025-04-14 19:53:09,906 - settings - INFO - Zapisano ustawienia do pliku
2025-04-14 19:53:09,907 - settings - INFO - Zapisano ustawienia do pliku
2025-04-14 19:53:09,908 - settings - INFO - Zapisano ustawienia do pliku
2025-04-14 19:53:09,908 - settings - INFO - Zapisano ustawienia do pliku
2025-04-14 19:53:09,909 - settings - INFO - Zapisano ustawienia do pliku
2025-04-14 19:53:09,910 - settings - INFO - Zapisano ustawienia do pliku
2025-04-14 19:53:09,910 - settings - INFO - Zapisano ustawienia do pliku
2025-04-14 19:53:09,911 - settings - INFO - Zapisano ustawienia do pliku
2025-04-14 19:53:09,911 - settings - INFO - Zapisano ustawienia do pliku
2025-04-14 19:53:09,912 - settings - INFO - Zapisano ustawienia do pliku
2025-04-14 19:53:09,913 - settings - INFO - Zapisano ustawienia do pliku
2025-04-14 19:53:09,913 - settings - INFO - Zapisano ustawienia do pliku
2025-04-14 19:53:09,914 - settings - INFO - Zapisano ustawienia do pliku
2025-04-14 19:53:09,915 - settings - INFO - Zapisano ustawienia do pliku
2025-04-14 19:53:09,915 - settings - INFO - Zapisano ustawienia do pliku
2025-04-14 19:53:09,916 - settings - INFO - Zapisano ustawienia do pliku
2025-04-14 19:53:09,916 - settings - INFO - Zapisano ustawienia do pliku
2025-04-14 19:53:09,917 - settings - INFO - Zapisano ustawienia do pliku
2025-04-14 19:53:09,918 - settings - INFO - Zapisano ustawienia do pliku
2025-04-14 19:53:09,918 - settings - INFO - Zapisano ustawienia do pliku
2025-04-14 19:53:09,919 - settings - INFO - Zapisano ustawienia do pliku
2025-04-14 19:53:09,920 - settings - INFO - Zapisano ustawienia do pliku
2025-04-14 19:53:09,920 - settings - INFO - Zapisano ustawienia do pliku
2025-04-14 19:53:18,682 - tray_icon - INFO - Wyœwietlanie okna ustawieñ
2025-04-14 19:53:21,136 - hotkeys - DEBUG - Sparsowany skrót Alt+Z do: Key.alt, 'z'
2025-04-14 19:53:21,136 - hotkeys - INFO - Skonfigurowano skrót przechwytywania: Alt+Z
2025-04-14 19:53:21,137 - hotkeys - INFO - Mened¿er skrótów klawiszowych zainicjowany
2025-04-14 19:53:21,248 - hotkeys - DEBUG - Sparsowany skrót Alt+Z do: Key.alt, 'z'
2025-04-14 19:53:21,248 - hotkeys - INFO - Skonfigurowano skrót przechwytywania: Alt+Z
2025-04-14 19:53:21,249 - hotkeys - INFO - Mened¿er skrótów klawiszowych zainicjowany
2025-04-14 19:53:21,360 - hotkeys - DEBUG - Sparsowany skrót Alt+Z do: Key.alt, 'z'
2025-04-14 19:53:21,360 - hotkeys - INFO - Skonfigurowano skrót przechwytywania: Alt+Z
2025-04-14 19:53:21,361 - hotkeys - INFO - Mened¿er skrótów klawiszowych zainicjowany
2025-04-14 19:53:21,462 - hotkeys - DEBUG - Sparsowany skrót Alt+Z do: Key.alt, 'z'
2025-04-14 19:53:21,462 - hotkeys - INFO - Skonfigurowano skrót przechwytywania: Alt+Z
2025-04-14 19:53:21,462 - hotkeys - INFO - Mened¿er skrótów klawiszowych zainicjowany
2025-04-14 19:53:21,573 - hotkeys - DEBUG - Sparsowany skrót Alt+Z do: Key.alt, 'z'
2025-04-14 19:53:21,574 - hotkeys - INFO - Skonfigurowano skrót przechwytywania: Alt+Z
2025-04-14 19:53:21,574 - hotkeys - INFO - Mened¿er skrótów klawiszowych zainicjowany
2025-04-14 19:53:21,684 - hotkeys - DEBUG - Sparsowany skrót Alt+Z do: Key.alt, 'z'
2025-04-14 19:53:21,684 - hotkeys - INFO - Skonfigurowano skrót przechwytywania: Alt+Z
2025-04-14 19:53:21,685 - hotkeys - INFO - Mened¿er skrótów klawiszowych zainicjowany
2025-04-14 19:53:21,794 - hotkeys - DEBUG - Sparsowany skrót Alt+Z do: Key.alt, 'z'
2025-04-14 19:53:21,795 - hotkeys - INFO - Skonfigurowano skrót przechwytywania: Alt+Z
2025-04-14 19:53:21,795 - hotkeys - INFO - Mened¿er skrótów klawiszowych zainicjowany
2025-04-14 19:53:21,904 - hotkeys - DEBUG - Sparsowany skrót Alt+Z do: Key.alt, 'z'
2025-04-14 19:53:21,905 - hotkeys - INFO - Skonfigurowano skrót przechwytywania: Alt+Z
2025-04-14 19:53:21,905 - hotkeys - INFO - Mened¿er skrótów klawiszowych zainicjowany
2025-04-14 19:53:22,016 - hotkeys - DEBUG - Sparsowany skrót Alt+Z do: Key.alt, 'z'
2025-04-14 19:53:22,016 - hotkeys - INFO - Skonfigurowano skrót przechwytywania: Alt+Z
2025-04-14 19:53:22,017 - hotkeys - INFO - Mened¿er skrótów klawiszowych zainicjowany
2025-04-14 19:53:22,127 - hotkeys - DEBUG - Sparsowany skrót Alt+Z do: Key.alt, 'z'
2025-04-14 19:53:22,128 - hotkeys - INFO - Skonfigurowano skrót przechwytywania: Alt+Z
2025-04-14 19:53:22,128 - hotkeys - INFO - Mened¿er skrótów klawiszowych zainicjowany
2025-04-14 19:53:22,240 - hotkeys - DEBUG - Sparsowany skrót Alt+Z do: Key.alt, 'z'
2025-04-14 19:53:22,240 - hotkeys - INFO - Skonfigurowano skrót przechwytywania: Alt+Z
2025-04-14 19:53:22,240 - hotkeys - INFO - Mened¿er skrótów klawiszowych zainicjowany
2025-04-14 19:53:22,336 - hotkeys - DEBUG - Sparsowany skrót Alt+Z do: Key.alt, 'z'
2025-04-14 19:53:22,337 - hotkeys - INFO - Skonfigurowano skrót przechwytywania: Alt+Z
2025-04-14 19:53:22,337 - hotkeys - INFO - Mened¿er skrótów klawiszowych zainicjowany
2025-04-14 19:53:22,448 - hotkeys - DEBUG - Sparsowany skrót Alt+Z do: Key.alt, 'z'
2025-04-14 19:53:22,449 - hotkeys - INFO - Skonfigurowano skrót przechwytywania: Alt+Z
2025-04-14 19:53:22,449 - hotkeys - INFO - Mened¿er skrótów klawiszowych zainicjowany
2025-04-14 19:53:22,559 - hotkeys - DEBUG - Sparsowany skrót Alt+Z do: Key.alt, 'z'
2025-04-14 19:53:22,560 - hotkeys - INFO - Skonfigurowano skrót przechwytywania: Alt+Z
2025-04-14 19:53:22,560 - hotkeys - INFO - Mened¿er skrótów klawiszowych zainicjowany
2025-04-14 19:53:22,672 - hotkeys - DEBUG - Sparsowany skrót Alt+Z do: Key.alt, 'z'
2025-04-14 19:53:22,672 - hotkeys - INFO - Skonfigurowano skrót przechwytywania: Alt+Z
2025-04-14 19:53:22,672 - hotkeys - INFO - Mened¿er skrótów klawiszowych zainicjowany
2025-04-14 19:53:22,784 - hotkeys - DEBUG - Sparsowany skrót Alt+Z do: Key.alt, 'z'
2025-04-14 19:53:22,784 - hotkeys - INFO - Skonfigurowano skrót przechwytywania: Alt+Z
2025-04-14 19:53:22,785 - hotkeys - INFO - Mened¿er skrótów klawiszowych zainicjowany
2025-04-14 19:53:22,895 - hotkeys - DEBUG - Sparsowany skrót Alt+Z do: Key.alt, 'z'
2025-04-14 19:53:22,895 - hotkeys - INFO - Skonfigurowano skrót przechwytywania: Alt+Z
2025-04-14 19:53:22,896 - hotkeys - INFO - Mened¿er skrótów klawiszowych zainicjowany
2025-04-14 19:53:23,006 - hotkeys - DEBUG - Sparsowany skrót Alt+Z do: Key.alt, 'z'
2025-04-14 19:53:23,006 - hotkeys - INFO - Skonfigurowano skrót przechwytywania: Alt+Z
2025-04-14 19:53:23,006 - hotkeys - INFO - Mened¿er skrótów klawiszowych zainicjowany
2025-04-14 19:53:23,101 - hotkeys - DEBUG - Sparsowany skrót Alt+Z do: Key.alt, 'z'
2025-04-14 19:53:23,101 - hotkeys - INFO - Skonfigurowano skrót przechwytywania: Alt+Z
2025-04-14 19:53:23,102 - hotkeys - INFO - Mened¿er skrótów klawiszowych zainicjowany
2025-04-14 19:53:23,211 - hotkeys - DEBUG - Sparsowany skrót Alt+Z do: Key.alt, 'z'
2025-04-14 19:53:23,211 - hotkeys - INFO - Skonfigurowano skrót przechwytywania: Alt+Z
2025-04-14 19:53:23,212 - hotkeys - INFO - Mened¿er skrótów klawiszowych zainicjowany
2025-04-14 19:53:23,322 - hotkeys - DEBUG - Sparsowany skrót Alt+Z do: Key.alt, 'z'
2025-04-14 19:53:23,322 - hotkeys - INFO - Skonfigurowano skrót przechwytywania: Alt+Z
2025-04-14 19:53:23,323 - hotkeys - INFO - Mened¿er skrótów klawiszowych zainicjowany
2025-04-14 19:53:23,434 - hotkeys - DEBUG - Sparsowany skrót Alt+Z do: Key.alt, 'z'
2025-04-14 19:53:23,434 - hotkeys - INFO - Skonfigurowano skrót przechwytywania: Alt+Z
2025-04-14 19:53:23,435 - hotkeys - INFO - Mened¿er skrótów klawiszowych zainicjowany
2025-04-14 19:53:23,550 - hotkeys - DEBUG - Sparsowany skrót Alt+Z do: Key.alt, 'z'
2025-04-14 19:53:23,550 - hotkeys - INFO - Skonfigurowano skrót przechwytywania: Alt+Z
2025-04-14 19:53:23,551 - hotkeys - INFO - Mened¿er skrótów klawiszowych zainicjowany
2025-04-14 19:53:23,661 - hotkeys - DEBUG - Sparsowany skrót Alt+Z do: Key.alt, 'z'
2025-04-14 19:53:23,661 - hotkeys - INFO - Skonfigurowano skrót przechwytywania: Alt+Z
2025-04-14 19:53:23,662 - hotkeys - INFO - Mened¿er skrótów klawiszowych zainicjowany
2025-04-14 19:53:23,772 - hotkeys - DEBUG - Sparsowany skrót Alt+Z do: Key.alt, 'z'
2025-04-14 19:53:23,772 - hotkeys - INFO - Skonfigurowano skrót przechwytywania: Alt+Z
2025-04-14 19:53:23,773 - hotkeys - INFO - Mened¿er skrótów klawiszowych zainicjowany
2025-04-14 19:53:23,867 - hotkeys - DEBUG - Sparsowany skrót Alt+Z do: Key.alt, 'z'
2025-04-14 19:53:23,867 - hotkeys - INFO - Skonfigurowano skrót przechwytywania: Alt+Z
2025-04-14 19:53:23,868 - hotkeys - INFO - Mened¿er skrótów klawiszowych zainicjowany
2025-04-14 19:53:23,979 - hotkeys - DEBUG - Sparsowany skrót Alt+Z do: Key.alt, 'z'
2025-04-14 19:53:23,979 - hotkeys - INFO - Skonfigurowano skrót przechwytywania: Alt+Z
2025-04-14 19:53:23,980 - hotkeys - INFO - Mened¿er skrótów klawiszowych zainicjowany
2025-04-14 19:53:24,088 - hotkeys - DEBUG - Sparsowany skrót Alt+Z do: Key.alt, 'z'
2025-04-14 19:53:24,088 - hotkeys - INFO - Skonfigurowano skrót przechwytywania: Alt+Z
2025-04-14 19:53:24,089 - hotkeys - INFO - Mened¿er skrótów klawiszowych zainicjowany
2025-04-14 19:53:24,200 - hotkeys - DEBUG - Sparsowany skrót Alt+Z do: Key.alt, 'z'
2025-04-14 19:53:24,200 - hotkeys - INFO - Skonfigurowano skrót przechwytywania: Alt+Z
2025-04-14 19:53:24,201 - hotkeys - INFO - Mened¿er skrótów klawiszowych zainicjowany
2025-04-14 19:53:24,304 - hotkeys - DEBUG - Sparsowany skrót Alt+Z do: Key.alt, 'z'
2025-04-14 19:53:24,304 - hotkeys - INFO - Skonfigurowano skrót przechwytywania: Alt+Z
2025-04-14 19:53:24,305 - hotkeys - INFO - Mened¿er skrótów klawiszowych zainicjowany
2025-04-14 19:53:24,413 - hotkeys - DEBUG - Sparsowany skrót Alt+Z do: Key.alt, 'z'
2025-04-14 19:53:24,413 - hotkeys - INFO - Skonfigurowano skrót przechwytywania: Alt+Z
2025-04-14 19:53:24,414 - hotkeys - INFO - Mened¿er skrótów klawiszowych zainicjowany
2025-04-14 19:53:24,524 - hotkeys - DEBUG - Sparsowany skrót Alt+Z do: Key.alt, 'z'
2025-04-14 19:53:24,524 - hotkeys - INFO - Skonfigurowano skrót przechwytywania: Alt+Z
2025-04-14 19:53:24,525 - hotkeys - INFO - Mened¿er skrótów klawiszowych zainicjowany
2025-04-14 19:53:24,635 - hotkeys - DEBUG - Sparsowany skrót Alt+Z do: Key.alt, 'z'
2025-04-14 19:53:24,635 - hotkeys - INFO - Skonfigurowano skrót przechwytywania: Alt+Z
2025-04-14 19:53:24,636 - hotkeys - INFO - Mened¿er skrótów klawiszowych zainicjowany
2025-04-14 19:53:24,747 - hotkeys - DEBUG - Sparsowany skrót Alt+Z do: Key.alt, 'z'
2025-04-14 19:53:24,747 - hotkeys - INFO - Skonfigurowano skrót przechwytywania: Alt+Z
2025-04-14 19:53:24,747 - hotkeys - INFO - Mened¿er skrótów klawiszowych zainicjowany
2025-04-14 19:53:24,858 - hotkeys - DEBUG - Sparsowany skrót Alt+Z do: Key.alt, 'z'
2025-04-14 19:53:24,858 - hotkeys - INFO - Skonfigurowano skrót przechwytywania: Alt+Z
2025-04-14 19:53:24,858 - hotkeys - INFO - Mened¿er skrótów klawiszowych zainicjowany
2025-04-14 19:53:24,969 - hotkeys - DEBUG - Sparsowany skrót Alt+Z do: Key.alt, 'z'
2025-04-14 19:53:24,969 - hotkeys - INFO - Skonfigurowano skrót przechwytywania: Alt+Z
2025-04-14 19:53:24,970 - hotkeys - INFO - Mened¿er skrótów klawiszowych zainicjowany
2025-04-14 19:53:25,079 - hotkeys - DEBUG - Sparsowany skrót Alt+Z do: Key.alt, 'z'
2025-04-14 19:53:25,080 - hotkeys - INFO - Skonfigurowano skrót przechwytywania: Alt+Z
2025-04-14 19:53:25,080 - hotkeys - INFO - Mened¿er skrótów klawiszowych zainicjowany
2025-04-14 19:53:25,191 - hotkeys - DEBUG - Sparsowany skrót Alt+Z do: Key.alt, 'z'
2025-04-14 19:53:25,192 - hotkeys - INFO - Skonfigurowano skrót przechwytywania: Alt+Z
2025-04-14 19:53:25,192 - hotkeys - INFO - Mened¿er skrótów klawiszowych zainicjowany
2025-04-14 19:53:25,288 - hotkeys - DEBUG - Sparsowany skrót Alt+Z do: Key.alt, 'z'
2025-04-14 19:53:25,288 - hotkeys - INFO - Skonfigurowano skrót przechwytywania: Alt+Z
2025-04-14 19:53:25,289 - hotkeys - INFO - Mened¿er skrótów klawiszowych zainicjowany
2025-04-14 19:53:25,398 - hotkeys - DEBUG - Sparsowany skrót Alt+Z do: Key.alt, 'z'
2025-04-14 19:53:25,399 - hotkeys - INFO - Skonfigurowano skrót przechwytywania: Alt+Z
2025-04-14 19:53:25,399 - hotkeys - INFO - Mened¿er skrótów klawiszowych zainicjowany
2025-04-14 19:53:25,509 - hotkeys - DEBUG - Sparsowany skrót Alt+Z do: Key.alt, 'z'
2025-04-14 19:53:25,509 - hotkeys - INFO - Skonfigurowano skrót przechwytywania: Alt+Z
2025-04-14 19:53:25,510 - hotkeys - INFO - Mened¿er skrótów klawiszowych zainicjowany
2025-04-14 19:53:25,620 - hotkeys - DEBUG - Sparsowany skrót Alt+Z do: Key.alt, 'z'
2025-04-14 19:53:25,620 - hotkeys - INFO - Skonfigurowano skrót przechwytywania: Alt+Z
2025-04-14 19:53:25,621 - hotkeys - INFO - Mened¿er skrótów klawiszowych zainicjowany
2025-04-14 19:53:25,732 - hotkeys - DEBUG - Sparsowany skrót Alt+Z do: Key.alt, 'z'
2025-04-14 19:53:25,732 - hotkeys - INFO - Skonfigurowano skrót przechwytywania: Alt+Z
2025-04-14 19:53:25,732 - hotkeys - INFO - Mened¿er skrótów klawiszowych zainicjowany
2025-04-14 19:53:25,843 - hotkeys - DEBUG - Sparsowany skrót Alt+Z do: Key.alt, 'z'
2025-04-14 19:53:25,843 - hotkeys - INFO - Skonfigurowano skrót przechwytywania: Alt+Z
2025-04-14 19:53:25,844 - hotkeys - INFO - Mened¿er skrótów klawiszowych zainicjowany
2025-04-14 19:53:25,953 - hotkeys - DEBUG - Sparsowany skrót Alt+Z do: Key.alt, 'z'
2025-04-14 19:53:25,954 - hotkeys - INFO - Skonfigurowano skrót przechwytywania: Alt+Z
2025-04-14 19:53:25,954 - hotkeys - INFO - Mened¿er skrótów klawiszowych zainicjowany
2025-04-14 19:53:26,068 - hotkeys - DEBUG - Sparsowany skrót Alt+Z do: Key.alt, 'z'
2025-04-14 19:53:26,069 - hotkeys - INFO - Skonfigurowano skrót przechwytywania: Alt+Z
2025-04-14 19:53:26,069 - hotkeys - INFO - Mened¿er skrótów klawiszowych zainicjowany
2025-04-14 19:53:26,163 - hotkeys - DEBUG - Sparsowany skrót Alt+Z do: Key.alt, 'z'
2025-04-14 19:53:26,164 - hotkeys - INFO - Skonfigurowano skrót przechwytywania: Alt+Z
2025-04-14 19:53:26,164 - hotkeys - INFO - Mened¿er skrótów klawiszowych zainicjowany
2025-04-14 19:53:26,274 - hotkeys - DEBUG - Sparsowany skrót Alt+Z do: Key.alt, 'z'
2025-04-14 19:53:26,274 - hotkeys - INFO - Skonfigurowano skrót przechwytywania: Alt+Z
2025-04-14 19:53:26,275 - hotkeys - INFO - Mened¿er skrótów klawiszowych zainicjowany
2025-04-14 19:53:26,385 - hotkeys - DEBUG - Sparsowany skrót Alt+Z do: Key.alt, 'z'
2025-04-14 19:53:26,385 - hotkeys - INFO - Skonfigurowano skrót przechwytywania: Alt+Z
2025-04-14 19:53:26,386 - hotkeys - INFO - Mened¿er skrótów klawiszowych zainicjowany
2025-04-14 19:53:26,495 - hotkeys - DEBUG - Sparsowany skrót Alt+Z do: Key.alt, 'z'
2025-04-14 19:53:26,495 - hotkeys - INFO - Skonfigurowano skrót przechwytywania: Alt+Z
2025-04-14 19:53:26,496 - hotkeys - INFO - Mened¿er skrótów klawiszowych zainicjowany
2025-04-14 19:53:26,606 - hotkeys - DEBUG - Sparsowany skrót Alt+Z do: Key.alt, 'z'
2025-04-14 19:53:26,606 - hotkeys - INFO - Skonfigurowano skrót przechwytywania: Alt+Z
2025-04-14 19:53:26,607 - hotkeys - INFO - Mened¿er skrótów klawiszowych zainicjowany
2025-04-14 19:53:26,721 - hotkeys - DEBUG - Sparsowany skrót Alt+Z do: Key.alt, 'z'
2025-04-14 19:53:26,721 - hotkeys - INFO - Skonfigurowano skrót przechwytywania: Alt+Z
2025-04-14 19:53:26,722 - hotkeys - INFO - Mened¿er skrótów klawiszowych zainicjowany
2025-04-14 19:53:26,832 - hotkeys - DEBUG - Sparsowany skrót Alt+Z do: Key.alt, 'z'
2025-04-14 19:53:26,833 - hotkeys - INFO - Skonfigurowano skrót przechwytywania: Alt+Z
2025-04-14 19:53:26,833 - hotkeys - INFO - Mened¿er skrótów klawiszowych zainicjowany
2025-04-14 19:53:26,945 - hotkeys - DEBUG - Sparsowany skrót Alt+Z do: Key.alt, 'z'
2025-04-14 19:53:26,945 - hotkeys - INFO - Skonfigurowano skrót przechwytywania: Alt+Z
2025-04-14 19:53:26,945 - hotkeys - INFO - Mened¿er skrótów klawiszowych zainicjowany
2025-04-14 19:53:27,057 - hotkeys - DEBUG - Sparsowany skrót Alt+Z do: Key.alt, 'z'
2025-04-14 19:53:27,058 - hotkeys - INFO - Skonfigurowano skrót przechwytywania: Alt+Z
2025-04-14 19:53:27,058 - hotkeys - INFO - Mened¿er skrótów klawiszowych zainicjowany
2025-04-14 19:53:27,169 - hotkeys - DEBUG - Sparsowany skrót Alt+Z do: Key.alt, 'z'
2025-04-14 19:53:27,170 - hotkeys - INFO - Skonfigurowano skrót przechwytywania: Alt+Z
2025-04-14 19:53:27,170 - hotkeys - INFO - Mened¿er skrótów klawiszowych zainicjowany
2025-04-14 19:53:27,281 - hotkeys - DEBUG - Sparsowany skrót Alt+Z do: Key.alt, 'z'
2025-04-14 19:53:27,281 - hotkeys - INFO - Skonfigurowano skrót przechwytywania: Alt+Z
2025-04-14 19:53:27,282 - hotkeys - INFO - Mened¿er skrótów klawiszowych zainicjowany
2025-04-14 19:53:27,384 - hotkeys - DEBUG - Sparsowany skrót Alt+Z do: Key.alt, 'z'
2025-04-14 19:53:27,385 - hotkeys - INFO - Skonfigurowano skrót przechwytywania: Alt+Z
2025-04-14 19:53:27,385 - hotkeys - INFO - Mened¿er skrótów klawiszowych zainicjowany
2025-04-14 19:53:27,506 - hotkeys - DEBUG - Sparsowany skrót Alt+Z do: Key.alt, 'z'
2025-04-14 19:53:27,506 - hotkeys - INFO - Skonfigurowano skrót przechwytywania: Alt+Z
2025-04-14 19:53:27,507 - hotkeys - INFO - Mened¿er skrótów klawiszowych zainicjowany
2025-04-14 19:53:27,601 - hotkeys - DEBUG - Sparsowany skrót Alt+Z do: Key.alt, 'z'
2025-04-14 19:53:27,602 - hotkeys - INFO - Skonfigurowano skrót przechwytywania: Alt+Z
2025-04-14 19:53:27,602 - hotkeys - INFO - Mened¿er skrótów klawiszowych zainicjowany
2025-04-14 19:53:27,713 - hotkeys - DEBUG - Sparsowany skrót Alt+Z do: Key.alt, 'z'
2025-04-14 19:53:27,713 - hotkeys - INFO - Skonfigurowano skrót przechwytywania: Alt+Z
2025-04-14 19:53:27,714 - hotkeys - INFO - Mened¿er skrótów klawiszowych zainicjowany
2025-04-14 19:53:27,826 - hotkeys - DEBUG - Sparsowany skrót Alt+Z do: Key.alt, 'z'
2025-04-14 19:53:27,826 - hotkeys - INFO - Skonfigurowano skrót przechwytywania: Alt+Z
2025-04-14 19:53:27,826 - hotkeys - INFO - Mened¿er skrótów klawiszowych zainicjowany
2025-04-14 19:53:37,933 - hotkeys - DEBUG - Sparsowany skrót Ctrl+Alt+S do: Key.ctrl, Key.alt, 's'
2025-04-14 19:53:37,933 - hotkeys - INFO - Skonfigurowano skrót przechwytywania: Ctrl+Alt+S
2025-04-14 19:53:37,934 - hotkeys - INFO - Mened¿er skrótów klawiszowych zainicjowany
2025-04-14 19:53:38,044 - hotkeys - DEBUG - Sparsowany skrót Ctrl+Alt+S do: Key.ctrl, Key.alt, 's'
2025-04-14 19:53:38,044 - hotkeys - INFO - Skonfigurowano skrót przechwytywania: Ctrl+Alt+S
2025-04-14 19:53:38,045 - hotkeys - INFO - Mened¿er skrótów klawiszowych zainicjowany
2025-04-14 19:53:38,153 - hotkeys - DEBUG - Sparsowany skrót Ctrl+Alt+S do: Key.ctrl, Key.alt, 's'
2025-04-14 19:53:38,153 - hotkeys - INFO - Skonfigurowano skrót przechwytywania: Ctrl+Alt+S
2025-04-14 19:53:38,153 - hotkeys - INFO - Mened¿er skrótów klawiszowych zainicjowany
2025-04-14 19:53:38,266 - hotkeys - DEBUG - Sparsowany skrót Ctrl+Alt+S do: Key.ctrl, Key.alt, 's'
2025-04-14 19:53:38,266 - hotkeys - INFO - Skonfigurowano skrót przechwytywania: Ctrl+Alt+S
2025-04-14 19:53:38,267 - hotkeys - INFO - Mened¿er skrótów klawiszowych zainicjowany
2025-04-14 19:53:38,378 - hotkeys - DEBUG - Sparsowany skrót Ctrl+Alt+S do: Key.ctrl, Key.alt, 's'
2025-04-14 19:53:38,378 - hotkeys - INFO - Skonfigurowano skrót przechwytywania: Ctrl+Alt+S
2025-04-14 19:53:38,379 - hotkeys - INFO - Mened¿er skrótów klawiszowych zainicjowany
2025-04-14 19:53:38,489 - hotkeys - DEBUG - Sparsowany skrót Ctrl+Alt+S do: Key.ctrl, Key.alt, 's'
2025-04-14 19:53:38,489 - hotkeys - INFO - Skonfigurowano skrót przechwytywania: Ctrl+Alt+S
2025-04-14 19:53:38,489 - hotkeys - INFO - Mened¿er skrótów klawiszowych zainicjowany
2025-04-14 19:53:38,600 - hotkeys - DEBUG - Sparsowany skrót Ctrl+Alt+S do: Key.ctrl, Key.alt, 's'
2025-04-14 19:53:38,601 - hotkeys - INFO - Skonfigurowano skrót przechwytywania: Ctrl+Alt+S
2025-04-14 19:53:38,601 - hotkeys - INFO - Mened¿er skrótów klawiszowych zainicjowany
2025-04-14 19:53:38,712 - hotkeys - DEBUG - Sparsowany skrót Ctrl+Alt+S do: Key.ctrl, Key.alt, 's'
2025-04-14 19:53:38,712 - hotkeys - INFO - Skonfigurowano skrót przechwytywania: Ctrl+Alt+S
2025-04-14 19:53:38,712 - hotkeys - INFO - Mened¿er skrótów klawiszowych zainicjowany
2025-04-14 19:53:38,823 - hotkeys - DEBUG - Sparsowany skrót Ctrl+Alt+S do: Key.ctrl, Key.alt, 's'
2025-04-14 19:53:38,823 - hotkeys - INFO - Skonfigurowano skrót przechwytywania: Ctrl+Alt+S
2025-04-14 19:53:38,824 - hotkeys - INFO - Mened¿er skrótów klawiszowych zainicjowany
2025-04-14 19:53:38,935 - hotkeys - DEBUG - Sparsowany skrót Ctrl+Alt+S do: Key.ctrl, Key.alt, 's'
2025-04-14 19:53:38,936 - hotkeys - INFO - Skonfigurowano skrót przechwytywania: Ctrl+Alt+S
2025-04-14 19:53:38,936 - hotkeys - INFO - Mened¿er skrótów klawiszowych zainicjowany
2025-04-14 19:53:39,045 - hotkeys - DEBUG - Sparsowany skrót Ctrl+Alt+S do: Key.ctrl, Key.alt, 's'
2025-04-14 19:53:39,045 - hotkeys - INFO - Skonfigurowano skrót przechwytywania: Ctrl+Alt+S
2025-04-14 19:53:39,046 - hotkeys - INFO - Mened¿er skrótów klawiszowych zainicjowany
2025-04-14 19:53:39,162 - hotkeys - DEBUG - Sparsowany skrót Ctrl+Alt+S do: Key.ctrl, Key.alt, 's'
2025-04-14 19:53:39,162 - hotkeys - INFO - Skonfigurowano skrót przechwytywania: Ctrl+Alt+S
2025-04-14 19:53:39,163 - hotkeys - INFO - Mened¿er skrótów klawiszowych zainicjowany
2025-04-14 19:53:39,258 - hotkeys - DEBUG - Sparsowany skrót Ctrl+Alt+S do: Key.ctrl, Key.alt, 's'
2025-04-14 19:53:39,258 - hotkeys - INFO - Skonfigurowano skrót przechwytywania: Ctrl+Alt+S
2025-04-14 19:53:39,259 - hotkeys - INFO - Mened¿er skrótów klawiszowych zainicjowany
2025-04-14 19:53:39,368 - hotkeys - DEBUG - Sparsowany skrót Ctrl+Alt+S do: Key.ctrl, Key.alt, 's'
2025-04-14 19:53:39,369 - hotkeys - INFO - Skonfigurowano skrót przechwytywania: Ctrl+Alt+S
2025-04-14 19:53:39,369 - hotkeys - INFO - Mened¿er skrótów klawiszowych zainicjowany
2025-04-14 19:53:39,479 - hotkeys - DEBUG - Sparsowany skrót Ctrl+Alt+S do: Key.ctrl, Key.alt, 's'
2025-04-14 19:53:39,479 - hotkeys - INFO - Skonfigurowano skrót przechwytywania: Ctrl+Alt+S
2025-04-14 19:53:39,480 - hotkeys - INFO - Mened¿er skrótów klawiszowych zainicjowany
2025-04-14 19:53:39,589 - hotkeys - DEBUG - Sparsowany skrót Ctrl+Alt+S do: Key.ctrl, Key.alt, 's'
2025-04-14 19:53:39,589 - hotkeys - INFO - Skonfigurowano skrót przechwytywania: Ctrl+Alt+S
2025-04-14 19:53:39,590 - hotkeys - INFO - Mened¿er skrótów klawiszowych zainicjowany
2025-04-14 19:53:39,700 - hotkeys - DEBUG - Sparsowany skrót Ctrl+Alt+S do: Key.ctrl, Key.alt, 's'
2025-04-14 19:53:39,700 - hotkeys - INFO - Skonfigurowano skrót przechwytywania: Ctrl+Alt+S
2025-04-14 19:53:39,701 - hotkeys - INFO - Mened¿er skrótów klawiszowych zainicjowany
2025-04-14 19:53:39,811 - hotkeys - DEBUG - Sparsowany skrót Ctrl+Alt+S do: Key.ctrl, Key.alt, 's'
2025-04-14 19:53:39,811 - hotkeys - INFO - Skonfigurowano skrót przechwytywania: Ctrl+Alt+S
2025-04-14 19:53:39,812 - hotkeys - INFO - Mened¿er skrótów klawiszowych zainicjowany
2025-04-14 19:53:39,923 - hotkeys - DEBUG - Sparsowany skrót Ctrl+Alt+S do: Key.ctrl, Key.alt, 's'
2025-04-14 19:53:39,923 - hotkeys - INFO - Skonfigurowano skrót przechwytywania: Ctrl+Alt+S
2025-04-14 19:53:39,924 - hotkeys - INFO - Mened¿er skrótów klawiszowych zainicjowany
2025-04-14 19:53:40,034 - hotkeys - DEBUG - Sparsowany skrót Ctrl+Alt+S do: Key.ctrl, Key.alt, 's'
2025-04-14 19:53:40,034 - hotkeys - INFO - Skonfigurowano skrót przechwytywania: Ctrl+Alt+S
2025-04-14 19:53:40,035 - hotkeys - INFO - Mened¿er skrótów klawiszowych zainicjowany
2025-04-14 19:53:40,145 - hotkeys - DEBUG - Sparsowany skrót Ctrl+Alt+S do: Key.ctrl, Key.alt, 's'
2025-04-14 19:53:40,145 - hotkeys - INFO - Skonfigurowano skrót przechwytywania: Ctrl+Alt+S
2025-04-14 19:53:40,146 - hotkeys - INFO - Mened¿er skrótów klawiszowych zainicjowany
2025-04-14 19:53:40,242 - hotkeys - DEBUG - Sparsowany skrót Ctrl+Alt+S do: Key.ctrl, Key.alt, 's'
2025-04-14 19:53:40,242 - hotkeys - INFO - Skonfigurowano skrót przechwytywania: Ctrl+Alt+S
2025-04-14 19:53:40,242 - hotkeys - INFO - Mened¿er skrótów klawiszowych zainicjowany
2025-04-14 19:53:40,353 - hotkeys - DEBUG - Sparsowany skrót Ctrl+Alt+S do: Key.ctrl, Key.alt, 's'
2025-04-14 19:53:40,353 - hotkeys - INFO - Skonfigurowano skrót przechwytywania: Ctrl+Alt+S
2025-04-14 19:53:40,354 - hotkeys - INFO - Mened¿er skrótów klawiszowych zainicjowany
2025-04-14 19:53:40,463 - hotkeys - DEBUG - Sparsowany skrót Ctrl+Alt+S do: Key.ctrl, Key.alt, 's'
2025-04-14 19:53:40,464 - hotkeys - INFO - Skonfigurowano skrót przechwytywania: Ctrl+Alt+S
2025-04-14 19:53:40,464 - hotkeys - INFO - Mened¿er skrótów klawiszowych zainicjowany
2025-04-14 19:53:40,574 - hotkeys - DEBUG - Sparsowany skrót Ctrl+Alt+S do: Key.ctrl, Key.alt, 's'
2025-04-14 19:53:40,575 - hotkeys - INFO - Skonfigurowano skrót przechwytywania: Ctrl+Alt+S
2025-04-14 19:53:40,575 - hotkeys - INFO - Mened¿er skrótów klawiszowych zainicjowany
2025-04-14 19:53:40,686 - hotkeys - DEBUG - Sparsowany skrót Ctrl+Alt+S do: Key.ctrl, Key.alt, 's'
2025-04-14 19:53:40,686 - hotkeys - INFO - Skonfigurowano skrót przechwytywania: Ctrl+Alt+S
2025-04-14 19:53:40,687 - hotkeys - INFO - Mened¿er skrótów klawiszowych zainicjowany
2025-04-14 19:53:40,795 - hotkeys - DEBUG - Sparsowany skrót Ctrl+Alt+S do: Key.ctrl, Key.alt, 's'
2025-04-14 19:53:40,796 - hotkeys - INFO - Skonfigurowano skrót przechwytywania: Ctrl+Alt+S
2025-04-14 19:53:40,796 - hotkeys - INFO - Mened¿er skrótów klawiszowych zainicjowany
2025-04-14 19:53:40,908 - hotkeys - DEBUG - Sparsowany skrót Ctrl+Alt+S do: Key.ctrl, Key.alt, 's'
2025-04-14 19:53:40,908 - hotkeys - INFO - Skonfigurowano skrót przechwytywania: Ctrl+Alt+S
2025-04-14 19:53:40,908 - hotkeys - INFO - Mened¿er skrótów klawiszowych zainicjowany
2025-04-14 19:53:41,019 - hotkeys - DEBUG - Sparsowany skrót Ctrl+Alt+S do: Key.ctrl, Key.alt, 's'
2025-04-14 19:53:41,019 - hotkeys - INFO - Skonfigurowano skrót przechwytywania: Ctrl+Alt+S
2025-04-14 19:53:41,020 - hotkeys - INFO - Mened¿er skrótów klawiszowych zainicjowany
2025-04-14 19:53:41,122 - hotkeys - DEBUG - Sparsowany skrót Ctrl+Alt+S do: Key.ctrl, Key.alt, 's'
2025-04-14 19:53:41,122 - hotkeys - INFO - Skonfigurowano skrót przechwytywania: Ctrl+Alt+S
2025-04-14 19:53:41,123 - hotkeys - INFO - Mened¿er skrótów klawiszowych zainicjowany
2025-04-14 19:53:41,240 - hotkeys - DEBUG - Sparsowany skrót Ctrl+Alt+S do: Key.ctrl, Key.alt, 's'
2025-04-14 19:53:41,240 - hotkeys - INFO - Skonfigurowano skrót przechwytywania: Ctrl+Alt+S
2025-04-14 19:53:41,241 - hotkeys - INFO - Mened¿er skrótów klawiszowych zainicjowany
2025-04-14 19:53:41,335 - hotkeys - DEBUG - Sparsowany skrót Ctrl+Alt+S do: Key.ctrl, Key.alt, 's'
2025-04-14 19:53:41,335 - hotkeys - INFO - Skonfigurowano skrót przechwytywania: Ctrl+Alt+S
2025-04-14 19:53:41,336 - hotkeys - INFO - Mened¿er skrótów klawiszowych zainicjowany
2025-04-14 19:53:41,445 - hotkeys - DEBUG - Sparsowany skrót Ctrl+Alt+S do: Key.ctrl, Key.alt, 's'
2025-04-14 19:53:41,445 - hotkeys - INFO - Skonfigurowano skrót przechwytywania: Ctrl+Alt+S
2025-04-14 19:53:41,446 - hotkeys - INFO - Mened¿er skrótów klawiszowych zainicjowany
2025-04-14 19:53:41,556 - hotkeys - DEBUG - Sparsowany skrót Ctrl+Alt+S do: Key.ctrl, Key.alt, 's'
2025-04-14 19:53:41,556 - hotkeys - INFO - Skonfigurowano skrót przechwytywania: Ctrl+Alt+S
2025-04-14 19:53:41,557 - hotkeys - INFO - Mened¿er skrótów klawiszowych zainicjowany
2025-04-14 19:53:41,664 - hotkeys - DEBUG - Sparsowany skrót Ctrl+Alt+S do: Key.ctrl, Key.alt, 's'
2025-04-14 19:53:41,664 - hotkeys - INFO - Skonfigurowano skrót przechwytywania: Ctrl+Alt+S
2025-04-14 19:53:41,665 - hotkeys - INFO - Mened¿er skrótów klawiszowych zainicjowany
2025-04-14 19:53:41,779 - hotkeys - DEBUG - Sparsowany skrót Ctrl+Alt+S do: Key.ctrl, Key.alt, 's'
2025-04-14 19:53:41,779 - hotkeys - INFO - Skonfigurowano skrót przechwytywania: Ctrl+Alt+S
2025-04-14 19:53:41,780 - hotkeys - INFO - Mened¿er skrótów klawiszowych zainicjowany
2025-04-14 19:53:41,888 - hotkeys - DEBUG - Sparsowany skrót Ctrl+Alt+S do: Key.ctrl, Key.alt, 's'
2025-04-14 19:53:41,888 - hotkeys - INFO - Skonfigurowano skrót przechwytywania: Ctrl+Alt+S
2025-04-14 19:53:41,889 - hotkeys - INFO - Mened¿er skrótów klawiszowych zainicjowany
2025-04-14 19:53:42,000 - hotkeys - DEBUG - Sparsowany skrót Ctrl+Alt+S do: Key.ctrl, Key.alt, 's'
2025-04-14 19:53:42,000 - hotkeys - INFO - Skonfigurowano skrót przechwytywania: Ctrl+Alt+S
2025-04-14 19:53:42,001 - hotkeys - INFO - Mened¿er skrótów klawiszowych zainicjowany
2025-04-14 19:53:42,101 - hotkeys - DEBUG - Sparsowany skrót Ctrl+Alt+S do: Key.ctrl, Key.alt, 's'
2025-04-14 19:53:42,101 - hotkeys - INFO - Skonfigurowano skrót przechwytywania: Ctrl+Alt+S
2025-04-14 19:53:42,101 - hotkeys - INFO - Mened¿er skrótów klawiszowych zainicjowany
2025-04-14 19:53:42,213 - hotkeys - DEBUG - Sparsowany skrót Ctrl+Alt+S do: Key.ctrl, Key.alt, 's'
2025-04-14 19:53:42,213 - hotkeys - INFO - Skonfigurowano skrót przechwytywania: Ctrl+Alt+S
2025-04-14 19:53:42,214 - hotkeys - INFO - Mened¿er skrótów klawiszowych zainicjowany
2025-04-14 19:53:42,332 - hotkeys - DEBUG - Sparsowany skrót Ctrl+Alt+S do: Key.ctrl, Key.alt, 's'
2025-04-14 19:53:42,332 - hotkeys - INFO - Skonfigurowano skrót przechwytywania: Ctrl+Alt+S
2025-04-14 19:53:42,332 - hotkeys - INFO - Mened¿er skrótów klawiszowych zainicjowany
2025-04-14 19:53:42,441 - hotkeys - DEBUG - Sparsowany skrót Ctrl+Alt+S do: Key.ctrl, Key.alt, 's'
2025-04-14 19:53:42,441 - hotkeys - INFO - Skonfigurowano skrót przechwytywania: Ctrl+Alt+S
2025-04-14 19:53:42,441 - hotkeys - INFO - Mened¿er skrótów klawiszowych zainicjowany
2025-04-14 19:53:54,244 - hotkeys - DEBUG - Sparsowany skrót F9 do: Key.f9
2025-04-14 19:53:54,244 - hotkeys - INFO - Skonfigurowano skrót przechwytywania: F9
2025-04-14 19:53:54,245 - hotkeys - INFO - Mened¿er skrótów klawiszowych zainicjowany
2025-04-14 19:53:54,355 - hotkeys - DEBUG - Sparsowany skrót F9 do: Key.f9
2025-04-14 19:53:54,356 - hotkeys - INFO - Skonfigurowano skrót przechwytywania: F9
2025-04-14 19:53:54,356 - hotkeys - INFO - Mened¿er skrótów klawiszowych zainicjowany
2025-04-14 19:53:54,467 - hotkeys - DEBUG - Sparsowany skrót F9 do: Key.f9
2025-04-14 19:53:54,467 - hotkeys - INFO - Skonfigurowano skrót przechwytywania: F9
2025-04-14 19:53:54,468 - hotkeys - INFO - Mened¿er skrótów klawiszowych zainicjowany
2025-04-14 19:53:54,576 - hotkeys - DEBUG - Sparsowany skrót F9 do: Key.f9
2025-04-14 19:53:54,576 - hotkeys - INFO - Skonfigurowano skrót przechwytywania: F9
2025-04-14 19:53:54,577 - hotkeys - INFO - Mened¿er skrótów klawiszowych zainicjowany
2025-04-14 19:53:54,688 - hotkeys - DEBUG - Sparsowany skrót F9 do: Key.f9
2025-04-14 19:53:54,688 - hotkeys - INFO - Skonfigurowano skrót przechwytywania: F9
2025-04-14 19:53:54,689 - hotkeys - INFO - Mened¿er skrótów klawiszowych zainicjowany
2025-04-14 19:53:54,788 - hotkeys - DEBUG - Sparsowany skrót F9 do: Key.f9
2025-04-14 19:53:54,789 - hotkeys - INFO - Skonfigurowano skrót przechwytywania: F9
2025-04-14 19:53:54,789 - hotkeys - INFO - Mened¿er skrótów klawiszowych zainicjowany
2025-04-14 19:53:54,899 - hotkeys - DEBUG - Sparsowany skrót F9 do: Key.f9
2025-04-14 19:53:54,900 - hotkeys - INFO - Skonfigurowano skrót przechwytywania: F9
2025-04-14 19:53:54,900 - hotkeys - INFO - Mened¿er skrótów klawiszowych zainicjowany
2025-04-14 19:53:55,011 - hotkeys - DEBUG - Sparsowany skrót F9 do: Key.f9
2025-04-14 19:53:55,011 - hotkeys - INFO - Skonfigurowano skrót przechwytywania: F9
2025-04-14 19:53:55,012 - hotkeys - INFO - Mened¿er skrótów klawiszowych zainicjowany
2025-04-14 19:53:55,122 - hotkeys - DEBUG - Sparsowany skrót F9 do: Key.f9
2025-04-14 19:53:55,123 - hotkeys - INFO - Skonfigurowano skrót przechwytywania: F9
2025-04-14 19:53:55,123 - hotkeys - INFO - Mened¿er skrótów klawiszowych zainicjowany
2025-04-14 19:53:55,235 - hotkeys - DEBUG - Sparsowany skrót F9 do: Key.f9
2025-04-14 19:53:55,235 - hotkeys - INFO - Skonfigurowano skrót przechwytywania: F9
2025-04-14 19:53:55,235 - hotkeys - INFO - Mened¿er skrótów klawiszowych zainicjowany
2025-04-14 19:53:55,346 - hotkeys - DEBUG - Sparsowany skrót F9 do: Key.f9
2025-04-14 19:53:55,346 - hotkeys - INFO - Skonfigurowano skrót przechwytywania: F9
2025-04-14 19:53:55,347 - hotkeys - INFO - Mened¿er skrótów klawiszowych zainicjowany
2025-04-14 19:53:55,457 - hotkeys - DEBUG - Sparsowany skrót F9 do: Key.f9
2025-04-14 19:53:55,457 - hotkeys - INFO - Skonfigurowano skrót przechwytywania: F9
2025-04-14 19:53:55,458 - hotkeys - INFO - Mened¿er skrótów klawiszowych zainicjowany
2025-04-14 19:53:55,557 - hotkeys - DEBUG - Sparsowany skrót F9 do: Key.f9
2025-04-14 19:53:55,557 - hotkeys - INFO - Skonfigurowano skrót przechwytywania: F9
2025-04-14 19:53:55,558 - hotkeys - INFO - Mened¿er skrótów klawiszowych zainicjowany
2025-04-14 19:53:55,668 - hotkeys - DEBUG - Sparsowany skrót F9 do: Key.f9
2025-04-14 19:53:55,668 - hotkeys - INFO - Skonfigurowano skrót przechwytywania: F9
2025-04-14 19:53:55,668 - hotkeys - INFO - Mened¿er skrótów klawiszowych zainicjowany
2025-04-14 19:53:55,779 - hotkeys - DEBUG - Sparsowany skrót F9 do: Key.f9
2025-04-14 19:53:55,779 - hotkeys - INFO - Skonfigurowano skrót przechwytywania: F9
2025-04-14 19:53:55,780 - hotkeys - INFO - Mened¿er skrótów klawiszowych zainicjowany
2025-04-14 19:53:55,889 - hotkeys - DEBUG - Sparsowany skrót F9 do: Key.f9
2025-04-14 19:53:55,890 - hotkeys - INFO - Skonfigurowano skrót przechwytywania: F9
2025-04-14 19:53:55,890 - hotkeys - INFO - Mened¿er skrótów klawiszowych zainicjowany
2025-04-14 19:53:56,001 - hotkeys - DEBUG - Sparsowany skrót F9 do: Key.f9
2025-04-14 19:53:56,001 - hotkeys - INFO - Skonfigurowano skrót przechwytywania: F9
2025-04-14 19:53:56,002 - hotkeys - INFO - Mened¿er skrótów klawiszowych zainicjowany
2025-04-14 19:53:56,105 - hotkeys - DEBUG - Sparsowany skrót F9 do: Key.f9
2025-04-14 19:53:56,105 - hotkeys - INFO - Skonfigurowano skrót przechwytywania: F9
2025-04-14 19:53:56,106 - hotkeys - INFO - Mened¿er skrótów klawiszowych zainicjowany
2025-04-14 19:53:56,226 - hotkeys - DEBUG - Sparsowany skrót F9 do: Key.f9
2025-04-14 19:53:56,226 - hotkeys - INFO - Skonfigurowano skrót przechwytywania: F9
2025-04-14 19:53:56,227 - hotkeys - INFO - Mened¿er skrótów klawiszowych zainicjowany
2025-04-14 19:53:56,337 - hotkeys - DEBUG - Sparsowany skrót F9 do: Key.f9
2025-04-14 19:53:56,337 - hotkeys - INFO - Skonfigurowano skrót przechwytywania: F9
2025-04-14 19:53:56,337 - hotkeys - INFO - Mened¿er skrótów klawiszowych zainicjowany
2025-04-14 19:53:56,449 - hotkeys - DEBUG - Sparsowany skrót F9 do: Key.f9
2025-04-14 19:53:56,449 - hotkeys - INFO - Skonfigurowano skrót przechwytywania: F9
2025-04-14 19:53:56,450 - hotkeys - INFO - Mened¿er skrótów klawiszowych zainicjowany
2025-04-14 19:53:56,564 - hotkeys - DEBUG - Sparsowany skrót F9 do: Key.f9
2025-04-14 19:53:56,564 - hotkeys - INFO - Skonfigurowano skrót przechwytywania: F9
2025-04-14 19:53:56,565 - hotkeys - INFO - Mened¿er skrótów klawiszowych zainicjowany
2025-04-14 19:53:56,664 - hotkeys - DEBUG - Sparsowany skrót F9 do: Key.f9
2025-04-14 19:53:56,665 - hotkeys - INFO - Skonfigurowano skrót przechwytywania: F9
2025-04-14 19:53:56,665 - hotkeys - INFO - Mened¿er skrótów klawiszowych zainicjowany
2025-04-14 19:53:56,776 - hotkeys - DEBUG - Sparsowany skrót F9 do: Key.f9
2025-04-14 19:53:56,776 - hotkeys - INFO - Skonfigurowano skrót przechwytywania: F9
2025-04-14 19:53:56,777 - hotkeys - INFO - Mened¿er skrótów klawiszowych zainicjowany
2025-04-14 19:53:56,882 - hotkeys - DEBUG - Sparsowany skrót F9 do: Key.f9
2025-04-14 19:53:56,883 - hotkeys - INFO - Skonfigurowano skrót przechwytywania: F9
2025-04-14 19:53:56,883 - hotkeys - INFO - Mened¿er skrótów klawiszowych zainicjowany
2025-04-14 19:53:56,997 - hotkeys - DEBUG - Sparsowany skrót F9 do: Key.f9
2025-04-14 19:53:56,997 - hotkeys - INFO - Skonfigurowano skrót przechwytywania: F9
2025-04-14 19:53:56,998 - hotkeys - INFO - Mened¿er skrótów klawiszowych zainicjowany
2025-04-14 19:53:57,108 - hotkeys - DEBUG - Sparsowany skrót F9 do: Key.f9
2025-04-14 19:53:57,108 - hotkeys - INFO - Skonfigurowano skrót przechwytywania: F9
2025-04-14 19:53:57,109 - hotkeys - INFO - Mened¿er skrótów klawiszowych zainicjowany
2025-04-14 19:53:57,219 - hotkeys - DEBUG - Sparsowany skrót F9 do: Key.f9
2025-04-14 19:53:57,219 - hotkeys - INFO - Skonfigurowano skrót przechwytywania: F9
2025-04-14 19:53:57,220 - hotkeys - INFO - Mened¿er skrótów klawiszowych zainicjowany
2025-04-14 19:54:00,986 - settings - INFO - Zapisano ustawienia do pliku
2025-04-14 19:54:00,987 - settings - INFO - Zapisano ustawienia do pliku
2025-04-14 19:54:00,987 - settings - INFO - Zapisano ustawienia do pliku
2025-04-14 19:54:00,988 - settings - INFO - Zapisano ustawienia do pliku
2025-04-14 19:54:00,988 - settings - INFO - Zapisano ustawienia do pliku
2025-04-14 19:54:00,989 - settings - INFO - Zapisano ustawienia do pliku
2025-04-14 19:54:00,990 - settings - INFO - Zapisano ustawienia do pliku
2025-04-14 19:54:00,990 - settings - INFO - Zapisano ustawienia do pliku
2025-04-14 19:54:00,991 - settings - INFO - Zapisano ustawienia do pliku
2025-04-14 19:54:00,992 - settings - INFO - Zapisano ustawienia do pliku
2025-04-14 19:54:00,992 - settings - INFO - Zapisano ustawienia do pliku
2025-04-14 19:54:00,993 - settings - INFO - Zapisano ustawienia do pliku
2025-04-14 19:54:00,993 - settings - INFO - Zapisano ustawienia do pliku
2025-04-14 19:54:00,994 - settings - INFO - Zapisano ustawienia do pliku
2025-04-14 19:54:00,995 - settings - INFO - Zapisano ustawienia do pliku
2025-04-14 19:54:00,995 - settings - INFO - Zapisano ustawienia do pliku
2025-04-14 19:54:00,996 - settings - INFO - Zapisano ustawienia do pliku
2025-04-14 19:54:00,996 - settings - INFO - Zapisano ustawienia do pliku
2025-04-14 19:54:00,997 - settings - INFO - Zapisano ustawienia do pliku
2025-04-14 19:54:00,998 - settings - INFO - Zapisano ustawienia do pliku
2025-04-14 19:54:00,998 - settings - INFO - Zapisano ustawienia do pliku
2025-04-14 19:54:00,999 - settings - INFO - Zapisano ustawienia do pliku
2025-04-14 19:54:01,000 - settings - INFO - Zapisano ustawienia do pliku
2025-04-14 19:57:42,272 - main - INFO - Uruchamianie aplikacji ScreenOCR & Translator
2025-04-14 19:57:42,324 - settings - INFO - Wczytano ustawienia z pliku
2025-04-14 19:57:42,365 - popup - INFO - Popup t³umaczenia zainicjowany
2025-04-14 19:57:42,365 - screenshot - INFO - Narzêdzie zrzutu ekranu zainicjowane
2025-04-14 19:57:42,365 - tray_icon - INFO - Ikona zasobnika systemowego zainicjowana
2025-04-14 19:57:42,366 - hotkeys - INFO - Skonfigurowano skrót przechwytywania: f9
2025-04-14 19:57:42,366 - hotkeys - INFO - Mened¿er skrótów klawiszowych zainicjowany
2025-04-14 19:57:42,628 - hotkeys - INFO - Uruchomiono nas³uchiwanie skrótów klawiszowych: f9 i f9
2025-04-14 19:57:42,629 - main - INFO - Aplikacja uruchomiona pomyœlnie
2025-04-14 19:57:42,629 - main - INFO - Nas³uchiwanie skrótu przechwytywania: F9
2025-04-14 19:57:57,408 - hotkeys - INFO - Wykryto skrót przechwytywania!
2025-04-14 19:57:57,408 - hotkeys - INFO - Wykryto skrót przechwytywania!
2025-04-14 19:57:57,409 - main - INFO - HOTKEY DETECTED: Wykryto skrót klawiszowy!
2025-04-14 19:57:57,409 - screenshot - INFO - Uruchamianie procesu przechwytywania ekranu
2025-04-14 19:57:57,410 - screenshot - INFO - Rozpoczêcie przechwytywania ekranu
2025-04-14 19:57:57,518 - main - INFO - HOTKEY DETECTED: Wykryto skrót klawiszowy!
2025-04-14 19:57:57,518 - screenshot - INFO - Uruchamianie procesu przechwytywania ekranu
2025-04-14 19:57:57,518 - screenshot - INFO - Rozpoczêcie przechwytywania ekranu
2025-04-14 19:58:02,064 - screenshot - INFO - Zrzut ekranu zapisany w: C:\Users\fijal\AppData\Local\Temp\screenshot_20250414_195802.png
2025-04-14 19:58:02,064 - screenshot - INFO - Rozpoczêcie przetwarzania zrzutu ekranu: C:\Users\fijal\AppData\Local\Temp\screenshot_20250414_195802.png
2025-04-14 19:58:02,073 - screenshot - INFO - Przechwytywanie ekranu anulowane
2025-04-14 19:58:02,073 - screenshot - INFO - Rozpoczêcie przetwarzania zrzutu ekranu: C:\Users\fijal\AppData\Local\Temp\screenshot_20250414_195802.png
2025-04-14 19:58:02,073 - ocr_engine - INFO - Ustawiono Tesseract OCR: C:\Users\fijal\Desktop\ScreenOCR & Translator\external\Tesseract-OCR\tesseract.exe
2025-04-14 19:58:02,074 - ocr_engine - INFO - Ustawiono TESSDATA_PREFIX: C:\Users\fijal\Desktop\ScreenOCR & Translator\external\Tesseract-OCR\tessdata
2025-04-14 19:58:02,074 - ocr_engine - INFO - Silnik OCR zainicjowany
2025-04-14 19:58:02,074 - translator - INFO - Translator zainicjowany
2025-04-14 19:58:02,074 - ocr_engine - INFO - Przetwarzanie obrazu: C:\Users\fijal\AppData\Local\Temp\screenshot_20250414_195802.png
2025-04-14 19:58:02,486 - ocr_engine - INFO - Rozpoznawanie tekstu zakoñczone
2025-04-14 19:58:02,486 - translator - INFO - T³umaczenie tekstu silnikiem google z en na pl
2025-04-14 19:58:03,726 - screenshot - INFO - Przetwarzanie zrzutu ekranu zakoñczone pomyœlnie
2025-04-14 19:58:03,726 - screenshot - INFO - Wyœwietlanie popup z t³umaczeniem
2025-04-14 19:58:03,748 - popup - INFO - Wyœwietlono popup z t³umaczeniem
2025-04-14 19:58:04,905 - popup - INFO - Zamkniêto popup z t³umaczeniem
2025-04-14 19:58:06,968 - hotkeys - INFO - Wykryto skrót przechwytywania!
2025-04-14 19:58:06,968 - main - INFO - HOTKEY DETECTED: Wykryto skrót klawiszowy!
2025-04-14 19:58:06,968 - hotkeys - INFO - Wykryto skrót przechwytywania!
2025-04-14 19:58:06,969 - screenshot - INFO - Uruchamianie procesu przechwytywania ekranu
2025-04-14 19:58:06,969 - screenshot - INFO - Rozpoczêcie przechwytywania ekranu
2025-04-14 19:58:07,023 - main - INFO - HOTKEY DETECTED: Wykryto skrót klawiszowy!
2025-04-14 19:58:07,023 - screenshot - INFO - Uruchamianie procesu przechwytywania ekranu
2025-04-14 19:58:07,023 - screenshot - INFO - Rozpoczêcie przechwytywania ekranu
2025-04-14 19:58:08,255 - screenshot - INFO - Przechwytywanie ekranu anulowane
2025-04-14 19:58:09,368 - hotkeys - INFO - Wykryto skrót przechwytywania!
2025-04-14 19:58:09,368 - hotkeys - INFO - Wykryto skrót przechwytywania!
2025-04-14 19:58:09,369 - main - INFO - HOTKEY DETECTED: Wykryto skrót klawiszowy!
2025-04-14 19:58:09,369 - screenshot - INFO - Uruchamianie procesu przechwytywania ekranu
2025-04-14 19:58:09,369 - screenshot - INFO - Rozpoczêcie przechwytywania ekranu
2025-04-14 19:58:09,418 - main - INFO - HOTKEY DETECTED: Wykryto skrót klawiszowy!
2025-04-14 19:58:09,418 - screenshot - INFO - Uruchamianie procesu przechwytywania ekranu
2025-04-14 19:58:09,418 - screenshot - INFO - Rozpoczêcie przechwytywania ekranu
2025-04-14 19:58:14,642 - screenshot - INFO - Zrzut ekranu zapisany w: C:\Users\fijal\AppData\Local\Temp\screenshot_20250414_195814.png
2025-04-14 19:58:14,642 - screenshot - INFO - Rozpoczêcie przetwarzania zrzutu ekranu: C:\Users\fijal\AppData\Local\Temp\screenshot_20250414_195814.png
2025-04-14 19:58:14,650 - screenshot - INFO - Przechwytywanie ekranu anulowane
2025-04-14 19:58:14,650 - screenshot - INFO - Rozpoczêcie przetwarzania zrzutu ekranu: C:\Users\fijal\AppData\Local\Temp\screenshot_20250414_195814.png
2025-04-14 19:58:14,650 - ocr_engine - INFO - Ustawiono Tesseract OCR: C:\Users\fijal\Desktop\ScreenOCR & Translator\external\Tesseract-OCR\tesseract.exe
2025-04-14 19:58:14,650 - ocr_engine - INFO - Ustawiono TESSDATA_PREFIX: C:\Users\fijal\Desktop\ScreenOCR & Translator\external\Tesseract-OCR\tessdata
2025-04-14 19:58:14,650 - ocr_engine - INFO - Silnik OCR zainicjowany
2025-04-14 19:58:14,650 - translator - INFO - Translator zainicjowany
2025-04-14 19:58:14,650 - ocr_engine - INFO - Przetwarzanie obrazu: C:\Users\fijal\AppData\Local\Temp\screenshot_20250414_195814.png
2025-04-14 19:58:14,836 - ocr_engine - INFO - Rozpoznawanie tekstu zakoñczone
2025-04-14 19:58:14,836 - translator - INFO - T³umaczenie tekstu silnikiem google z en na pl
2025-04-14 19:58:15,342 - screenshot - INFO - Przetwarzanie zrzutu ekranu zakoñczone pomyœlnie
2025-04-14 19:58:15,342 - screenshot - INFO - Wyœwietlanie popup z t³umaczeniem
2025-04-14 19:58:15,351 - popup - INFO - Wyœwietlono popup z t³umaczeniem
2025-04-14 19:58:16,521 - popup - INFO - Zamkniêto popup z t³umaczeniem
2025-04-14 19:58:26,018 - tray_icon - INFO - Wyœwietlanie okna ustawieñ
2025-04-14 19:58:54,888 - hotkeys - INFO - Wykryto skrót przechwytywania!
2025-04-14 19:58:54,889 - hotkeys - INFO - Wykryto skrót przechwytywania!
2025-04-14 19:58:54,889 - main - INFO - HOTKEY DETECTED: Wykryto skrót klawiszowy!
2025-04-14 19:58:54,889 - screenshot - INFO - Uruchamianie procesu przechwytywania ekranu
2025-04-14 19:58:54,889 - screenshot - INFO - Rozpoczêcie przechwytywania ekranu
2025-04-14 19:58:54,940 - main - INFO - HOTKEY DETECTED: Wykryto skrót klawiszowy!
2025-04-14 19:58:54,940 - screenshot - INFO - Uruchamianie procesu przechwytywania ekranu
2025-04-14 19:58:54,940 - screenshot - INFO - Rozpoczêcie przechwytywania ekranu
2025-04-14 19:58:58,724 - screenshot - INFO - Zrzut ekranu zapisany w: C:\Users\fijal\AppData\Local\Temp\screenshot_20250414_195858.png
2025-04-14 19:58:58,724 - screenshot - INFO - Rozpoczêcie przetwarzania zrzutu ekranu: C:\Users\fijal\AppData\Local\Temp\screenshot_20250414_195858.png
2025-04-14 19:58:58,731 - screenshot - INFO - Przechwytywanie ekranu anulowane
2025-04-14 19:58:58,731 - screenshot - INFO - Rozpoczêcie przetwarzania zrzutu ekranu: C:\Users\fijal\AppData\Local\Temp\screenshot_20250414_195858.png
2025-04-14 19:58:58,732 - ocr_engine - INFO - Ustawiono Tesseract OCR: C:\Users\fijal\Desktop\ScreenOCR & Translator\external\Tesseract-OCR\tesseract.exe
2025-04-14 19:58:58,732 - ocr_engine - INFO - Ustawiono TESSDATA_PREFIX: C:\Users\fijal\Desktop\ScreenOCR & Translator\external\Tesseract-OCR\tessdata
2025-04-14 19:58:58,732 - ocr_engine - INFO - Silnik OCR zainicjowany
2025-04-14 19:58:58,732 - translator - INFO - Translator zainicjowany
2025-04-14 19:58:58,732 - ocr_engine - INFO - Przetwarzanie obrazu: C:\Users\fijal\AppData\Local\Temp\screenshot_20250414_195858.png
2025-04-14 19:58:59,117 - ocr_engine - INFO - Rozpoznawanie tekstu zakoñczone
2025-04-14 19:58:59,118 - translator - INFO - T³umaczenie tekstu silnikiem google z en na pl
2025-04-14 19:58:59,208 - screenshot - INFO - Przetwarzanie zrzutu ekranu zakoñczone pomyœlnie
2025-04-14 19:58:59,208 - screenshot - INFO - Wyœwietlanie popup z t³umaczeniem
2025-04-14 19:58:59,220 - popup - INFO - Wyœwietlono popup z t³umaczeniem
2025-04-14 19:59:04,226 - popup - INFO - Zamkniêto popup z t³umaczeniem
2025-04-14 19:59:06,456 - hotkeys - INFO - Wykryto skrót przechwytywania!
2025-04-14 19:59:06,457 - main - INFO - HOTKEY DETECTED: Wykryto skrót klawiszowy!
2025-04-14 19:59:06,457 - screenshot - INFO - Uruchamianie procesu przechwytywania ekranu
2025-04-14 19:59:06,456 - hotkeys - INFO - Wykryto skrót przechwytywania!
2025-04-14 19:59:06,457 - screenshot - INFO - Rozpoczêcie przechwytywania ekranu
2025-04-14 19:59:06,510 - main - INFO - HOTKEY DETECTED: Wykryto skrót klawiszowy!
2025-04-14 19:59:06,510 - screenshot - INFO - Uruchamianie procesu przechwytywania ekranu
2025-04-14 19:59:06,510 - screenshot - INFO - Rozpoczêcie przechwytywania ekranu
2025-04-14 19:59:09,002 - screenshot - INFO - Zrzut ekranu zapisany w: C:\Users\fijal\AppData\Local\Temp\screenshot_20250414_195909.png
2025-04-14 19:59:09,002 - screenshot - INFO - Rozpoczêcie przetwarzania zrzutu ekranu: C:\Users\fijal\AppData\Local\Temp\screenshot_20250414_195909.png
2025-04-14 19:59:09,010 - screenshot - INFO - Przechwytywanie ekranu anulowane
2025-04-14 19:59:09,010 - screenshot - INFO - Rozpoczêcie przetwarzania zrzutu ekranu: C:\Users\fijal\AppData\Local\Temp\screenshot_20250414_195909.png
2025-04-14 19:59:09,010 - ocr_engine - INFO - Ustawiono Tesseract OCR: C:\Users\fijal\Desktop\ScreenOCR & Translator\external\Tesseract-OCR\tesseract.exe
2025-04-14 19:59:09,010 - ocr_engine - INFO - Ustawiono TESSDATA_PREFIX: C:\Users\fijal\Desktop\ScreenOCR & Translator\external\Tesseract-OCR\tessdata
2025-04-14 19:59:09,010 - ocr_engine - INFO - Silnik OCR zainicjowany
2025-04-14 19:59:09,011 - translator - INFO - Translator zainicjowany
2025-04-14 19:59:09,011 - ocr_engine - INFO - Przetwarzanie obrazu: C:\Users\fijal\AppData\Local\Temp\screenshot_20250414_195909.png
2025-04-14 19:59:09,179 - ocr_engine - INFO - Rozpoznawanie tekstu zakoñczone
2025-04-14 19:59:09,179 - translator - INFO - T³umaczenie tekstu silnikiem google z en na pl
2025-04-14 19:59:09,269 - screenshot - INFO - Przetwarzanie zrzutu ekranu zakoñczone pomyœlnie
2025-04-14 19:59:09,269 - screenshot - INFO - Wyœwietlanie popup z t³umaczeniem
2025-04-14 19:59:09,279 - popup - INFO - Wyœwietlono popup z t³umaczeniem
2025-04-14 19:59:14,287 - popup - INFO - Zamkniêto popup z t³umaczeniem
2025-04-14 19:59:15,752 - hotkeys - INFO - Wykryto skrót przechwytywania!
2025-04-14 19:59:15,752 - main - INFO - HOTKEY DETECTED: Wykryto skrót klawiszowy!
2025-04-14 19:59:15,752 - hotkeys - INFO - Wykryto skrót przechwytywania!
2025-04-14 19:59:15,753 - screenshot - INFO - Uruchamianie procesu przechwytywania ekranu
2025-04-14 19:59:15,753 - screenshot - INFO - Rozpoczêcie przechwytywania ekranu
2025-04-14 19:59:15,807 - main - INFO - HOTKEY DETECTED: Wykryto skrót klawiszowy!
2025-04-14 19:59:15,807 - screenshot - INFO - Uruchamianie procesu przechwytywania ekranu
2025-04-14 19:59:15,807 - screenshot - INFO - Rozpoczêcie przechwytywania ekranu
2025-04-14 19:59:19,266 - screenshot - INFO - Zrzut ekranu zapisany w: C:\Users\fijal\AppData\Local\Temp\screenshot_20250414_195919.png
2025-04-14 19:59:19,266 - screenshot - INFO - Rozpoczêcie przetwarzania zrzutu ekranu: C:\Users\fijal\AppData\Local\Temp\screenshot_20250414_195919.png
2025-04-14 19:59:19,273 - screenshot - INFO - Przechwytywanie ekranu anulowane
2025-04-14 19:59:19,273 - screenshot - INFO - Rozpoczêcie przetwarzania zrzutu ekranu: C:\Users\fijal\AppData\Local\Temp\screenshot_20250414_195919.png
2025-04-14 19:59:19,274 - ocr_engine - INFO - Ustawiono Tesseract OCR: C:\Users\fijal\Desktop\ScreenOCR & Translator\external\Tesseract-OCR\tesseract.exe
2025-04-14 19:59:19,274 - ocr_engine - INFO - Ustawiono TESSDATA_PREFIX: C:\Users\fijal\Desktop\ScreenOCR & Translator\external\Tesseract-OCR\tessdata
2025-04-14 19:59:19,274 - ocr_engine - INFO - Silnik OCR zainicjowany
2025-04-14 19:59:19,274 - translator - INFO - Translator zainicjowany
2025-04-14 19:59:19,274 - ocr_engine - INFO - Przetwarzanie obrazu: C:\Users\fijal\AppData\Local\Temp\screenshot_20250414_195919.png
2025-04-14 19:59:19,447 - ocr_engine - INFO - Rozpoznawanie tekstu zakoñczone
2025-04-14 19:59:19,448 - translator - INFO - T³umaczenie tekstu silnikiem google z en na pl
2025-04-14 19:59:19,531 - screenshot - INFO - Przetwarzanie zrzutu ekranu zakoñczone pomyœlnie
2025-04-14 19:59:19,531 - screenshot - INFO - Wyœwietlanie popup z t³umaczeniem
2025-04-14 19:59:19,541 - popup - INFO - Wyœwietlono popup z t³umaczeniem
2025-04-14 19:59:23,944 - popup - INFO - Zamkniêto popup z t³umaczeniem
2025-04-14 19:59:54,736 - hotkeys - INFO - Wykryto skrót przechwytywania!
2025-04-14 19:59:54,737 - main - INFO - HOTKEY DETECTED: Wykryto skrót klawiszowy!
2025-04-14 19:59:54,736 - hotkeys - INFO - Wykryto skrót przechwytywania!
2025-04-14 19:59:54,737 - screenshot - INFO - Uruchamianie procesu przechwytywania ekranu
2025-04-14 19:59:54,737 - screenshot - INFO - Rozpoczêcie przechwytywania ekranu
2025-04-14 19:59:54,798 - main - INFO - HOTKEY DETECTED: Wykryto skrót klawiszowy!
2025-04-14 19:59:54,799 - screenshot - INFO - Uruchamianie procesu przechwytywania ekranu
2025-04-14 19:59:54,799 - screenshot - INFO - Rozpoczêcie przechwytywania ekranu
2025-04-14 19:59:58,579 - screenshot - INFO - Zrzut ekranu zapisany w: C:\Users\fijal\AppData\Local\Temp\screenshot_20250414_195958.png
2025-04-14 19:59:58,579 - screenshot - INFO - Rozpoczêcie przetwarzania zrzutu ekranu: C:\Users\fijal\AppData\Local\Temp\screenshot_20250414_195958.png
2025-04-14 19:59:58,589 - screenshot - INFO - Przechwytywanie ekranu anulowane
2025-04-14 19:59:58,589 - screenshot - INFO - Rozpoczêcie przetwarzania zrzutu ekranu: C:\Users\fijal\AppData\Local\Temp\screenshot_20250414_195958.png
2025-04-14 19:59:58,589 - ocr_engine - INFO - Ustawiono Tesseract OCR: C:\Users\fijal\Desktop\ScreenOCR & Translator\external\Tesseract-OCR\tesseract.exe
2025-04-14 19:59:58,589 - ocr_engine - INFO - Ustawiono TESSDATA_PREFIX: C:\Users\fijal\Desktop\ScreenOCR & Translator\external\Tesseract-OCR\tessdata
2025-04-14 19:59:58,589 - ocr_engine - INFO - Silnik OCR zainicjowany
2025-04-14 19:59:58,590 - translator - INFO - Translator zainicjowany
2025-04-14 19:59:58,590 - ocr_engine - INFO - Przetwarzanie obrazu: C:\Users\fijal\AppData\Local\Temp\screenshot_20250414_195958.png
2025-04-14 19:59:58,799 - ocr_engine - INFO - Rozpoznawanie tekstu zakoñczone
2025-04-14 19:59:58,799 - translator - INFO - T³umaczenie tekstu silnikiem google z en na pl
2025-04-14 19:59:59,541 - screenshot - INFO - Przetwarzanie zrzutu ekranu zakoñczone pomyœlnie
2025-04-14 19:59:59,542 - screenshot - INFO - Wyœwietlanie popup z t³umaczeniem
2025-04-14 19:59:59,552 - popup - INFO - Wyœwietlono popup z t³umaczeniem
2025-04-14 20:00:03,081 - popup - INFO - Zamkniêto popup z t³umaczeniem
